Age,1990_M,1990_F,1990_Total,1991_M,1991_F,1991_Total,1992_M,1992_F,1992_Total,1993_M,1993_F,1993_Total,1994_M,1994_F,1994_Total,1995_M,1995_F,1995_Total,1996_M,1996_F,1996_Total,1997_M,1997_F,1997_Total,1998_M,1998_F,1998_Total,1999_M,1999_F,1999_Total,2000_M,2000_F,2000_Total,2001_M,2001_F,2001_Total,2002_M,2002_F,2002_Total,2003_M,2003_F,2003_Total,2004_M,2004_F,2004_Total,2005_M,2005_F,2005_Total,2006_M,2006_F,2006_Total,2007_M,2007_F,2007_Total,2008_M,2008_F,2008_Total,2009_M,2009_F,2009_Total,2010_M,2010_F,2010_Total,2011_M,2011_F,2011_Total,2012_M,2012_F,2012_Total,2013_M,2013_F,2013_Total,2014_M,2014_F,2014_Total,2015_M,2015_F,2015_Total,2016_M,2016_F,2016_Total,2017_M,2017_F,2017_Total
0,12254905,10965946,23220851,10690646.89,9034915.433,19725562.32,9928632.181,8563719.011,18492351.19,9642355.342,8376503.182,18018858.52,9714727.417,8352894.874,18067622.29,9178565.131,7873816.649,17052381.78,9204670.791,7924012.315,17128683.11,8916872.238,7619361.377,16535229.35,8741085.672,7469213.151,16210298.82,8354508.197,7000000,15354508.2,7460206,6333593,13793799,7677339.932,6638610.047,14315949.98,7521940.536,6275811.195,13797751.73,7326982.986,6233865.187,13560848.17,7605993.975,6276588.525,13881539.01,7666203.116,6448593.718,14114796.83,7449155.053,6230524.69,13678571.9,7783302.592,6203628.433,13986931.03,7907499.892,6308332.053,14215831.95,7664375.716,6172966.781,13837342.5,7461199,6325235,13786434,7149681.744,6235723.75,13385405.49,8090557.635,6805650.769,14896208.4,7754909.431,6591856.463,14346765.89,7952585.552,6975780.655,14929588.74,7297553.589,6483974.979,13781528.57,7856584.046,6759423.187,14616007.23,9078883.495,8012135.922,17091019.42
1,12304824,11027053,23331877,11691091.96,10150756.85,21841848.82,9596904.818,8172731.615,17769636.43,9059530.165,7661301.308,16720831.47,8943666.202,7488469.253,16432135.45,8111628.436,6699305.501,14810933.94,8214665.246,6795128.237,15009793.48,7873440.516,6220419.714,14093860.23,7150232.383,5899625.246,13050870.27,7195696.721,6052254.098,13247950.82,6332425,5162822,11495247,6919603.845,5748270.145,12668926.4,6267599.47,5069714.016,11337313.49,6382364.208,5054122.958,11435455.92,6001107.333,5042140.607,11043247.94,7659934.757,6171857.274,13831792.03,7111262.088,5755258.849,12866520.94,6944310.164,5581366.406,12525676.57,6896128.164,5700149.951,12596278.11,7242840.779,5767468.499,13010309.28,8574973,7082982,15657955,7980875.107,6504117.624,14484992.73,6904862.034,6020429.907,12925291.94,7833180.083,6890263.324,14723443.41,7561374.58,6585792.217,14147166.8,8416126.859,7224240.684,15640367.54,7780959.173,6799036.216,14581195.78,7858009.709,6894417.476,14752427.18
2,12672092,11508503,24180595,12864631.55,11673576.45,24538208,12181801.73,10613987.35,22795789.08,10163588.58,8852691.577,19016280.16,9880529.724,8262749.93,18143279.65,9552057.301,7877577.302,17429634.6,8433894.931,6951862.582,15386749.5,8695933.856,7098147.649,15794081.5,7806421.391,6735051.067,14541472.46,7535860.656,6344262.295,13880122.95,7701684,6309027,14010711,7113247.512,5860878.147,12973073.25,7298171.017,5816981.034,13114125.59,6871173.489,5782180.662,12652322.91,7003900.612,5381274.651,12385175.26,7434119.057,5949291.834,13383410.89,7543321.944,6259328.68,13802650.62,7555400.521,5958968.857,13514369.38,7492984.716,6137316.229,13630300.94,7494845.361,6229095.074,13723940.44,8507697,7109678,15617375,8874733.119,7374328.599,16247879.37,8549107.26,7088765.841,15637873.1,7683976.653,6643221.579,14325975.25,8781463.8,7429340.876,16212027.21,8806826.252,7552007.76,16358834.01,9127802.152,7858984.835,16987987.38,8257281.553,7292475.728,15550970.87
3,12676790,11617575,24294365,12621474.98,11580847.24,24202322.22,13247194.07,11827529.78,25074723.86,12389171.79,10990942.94,23380114.73,10989634.48,9540876.454,20530510.93,10165538.48,8529951.543,18695490.02,9582618.799,7930956.242,17512583.05,8523200.212,7314064.704,15838269.18,8653998.86,7172510.405,15826509.26,8007172.131,6704918.033,14713114.75,7897234,6557101,14454335,8082518.256,6913289.378,14995807.63,7363864.821,6057174.004,13421038.83,7472388.278,6190552.972,13662941.25,7235555.251,5962498.226,13197009.99,7668989.054,6212717.688,13881706.74,7153360.228,5949131.861,13102492.09,7585564.03,6265072.619,13850636.65,7692314.418,6064832.701,13758279.67,7832760.596,6340206.186,14171821.31,8272491,6978314,15250805,9105291.733,7457093.229,16562384.96,9103238.469,7589661.738,16692900.21,9314207.574,7610597.917,16924805.49,8445266.871,7198281.896,15643548.77,9768522.881,8333276.789,18101799.67,9246641.238,8081057.876,17327699.11,9638349.515,8212378.641,17850728.16
4,11140519,10270212,21410731,13696103.42,12374197.1,26070300.51,12622387.19,11373417.57,23995804.76,13308454.41,12293566.4,25602020.81,14033636.06,12411027.07,26444663.13,11342325.81,9861618.379,21203944.19,10221460.05,8451750.742,18674202.78,9699194.962,8130532.451,17830731.68,8951714.243,7426682.382,16378396.62,8847336.066,7308401.639,16155737.7,8257145,6967137,15224282,8387717.513,6971171.996,15358889.51,8155269.864,6910166.988,15066463.32,7535294.114,6097741.083,13633035.2,7725995.252,6330849.972,14056845.22,8241731.341,6744599.562,14986330.9,7435860.903,6199505.008,13636473.76,7181149.571,5967906.193,13149055.76,7784051.383,6432913.117,14216964.5,7726231.386,6439862.543,14166093.93,8246206,6973835,15220041,8564956.929,7406252.099,15971209.03,9328278.655,7929641.803,17257920.46,9327660.343,7997059.261,17324719.6,9417181.631,7880456.029,17297637.66,9079122.059,7719264.99,16798387.05,10046104.18,8604430.014,18650534.2,9423543.689,8235436.893,17658980.58
5,10405433,9576857,19982290,12335044.77,11546846.53,23881891.3,13339948.91,12523191.05,25863139.96,12836862.43,11478162.72,24315025.15,13750323.38,12127714.39,25878037.77,14126594.15,12500111.95,26626706.1,11194601.78,9899063.457,21092673.24,10353975.98,9006251.856,19360227.84,9845873.03,8328942.268,18174815.3,8780737.705,7488729.508,16269467.21,9157597,7775962,16933559,8745537.332,7655239.296,16399724.22,8326689.633,7052845.718,15380561.82,8556224.889,7194983.856,15751208.74,7710342.911,6245283.844,13956670.24,8496102.899,7005239.479,15501342.38,8123833.135,6376760.334,14500593.47,7722975.573,6471748.517,14194724.09,7241557.478,5949312.078,13190869.56,8269186.712,6576174.112,14845360.82,7988151,6743986,14732137,8319027.741,7174511.133,15494721.23,8296239.525,7209755.188,15505994.71,8663582.781,7379454.898,16043037.68,8848703.186,7436676.082,16285379.27,8271382.531,6988406.693,15259789.22,7995829.844,6709006.605,14704836.45,8571601.942,7416262.136,15989077.67
6,9922498,9133580,19056078,10971925.47,10029178.56,21001104.03,12291948.09,11393385.62,23685333.72,13572288.52,12442490.19,26014778.7,13119308.77,12158299.28,25277608.06,13935097.77,12695368.99,26630367.79,14266793.33,12588347.06,26856132.38,11147345.63,10024576.94,21170918.31,10317762.04,9154241.714,19470991.12,9747950.82,8195696.721,17943647.54,8866012,7604128,16470140,9468543.848,8318258.372,17786802.22,8778334.534,7624587.105,16402921.64,8637693.102,7005235.105,15642928.21,8546177.892,7002857.122,15549035.01,8240415.76,6866252.16,15106667.92,8451755.487,6891908.623,15343664.11,8044719.674,6852702.469,14897422.14,7750074.729,6423852.676,14173927.41,7447880.871,5974799.542,13422680.41,8034452,6770018,14804470,8141674.961,6616441.051,14758116.01,8484982.906,7129902.219,15616095.02,8142593.754,7120183.364,15264000.1,8886601.749,7250850.87,16138675.15,8586303.629,7176360.22,15762663.85,8301930.521,7185563.346,15486293.47,8245145.631,6808252.427,15053398.06
7,10518627,9677860,20196487,10601008.65,9800446.528,20401455.18,10865842.5,10150857.31,21016699.8,12460875.84,11345786.03,23806661.87,14212316.22,12877849.1,27090165.32,13392277.27,12191738.45,25584114.68,13768814.59,12287774.23,26056588.82,14358986.29,12777268.33,27136254.62,11194705.99,9913719.733,21108425.72,10233606.56,9035860.656,19269467.21,9590414,8324342,17914756,9215965.152,8107776.126,17323741.28,9554342.592,8090602.525,17645971.58,8860441.635,7638418.435,16498860.07,8519047.168,7245990.144,15765037.31,9181675.65,7639504.55,16821257.59,8129372.364,6621594.252,14750966.62,8573139.672,6934255.661,15508512.5,8217819.996,6737570.446,14955390.44,7701030.928,6402061.856,14104238.26,7292300,6136861,13429161,8079010.312,6837540.851,14916551.16,8076038.913,6789922.154,14865961.07,8445892.53,7016230.154,15462122.68,8023492.541,7063803.124,15087295.66,8506178.463,7110378.606,15616557.07,8707663.968,7237180.323,15946044.68,8120145.631,6955097.087,15075242.72
8,11419500,10595842,22015342,10519613.02,9562441.571,20082054.59,11067455.44,10123159.68,21190615.12,10984507.96,10245404.74,21229912.7,12290297.24,11279386.08,23569683.32,14510081.74,13274509.47,27784591.21,13262899.93,11925698.05,25188597.99,13817687.25,12609556.01,26427243.26,14142493.34,12690371.37,26832864.71,11262295.08,9766393.443,21028688.52,10014222,8737884,18752106,10017902.51,9037055.243,19056010.16,9286435.048,8254837.035,17542298.55,9846310.141,8183946.091,18030256.23,8885311.935,7695734.06,16581046,9215261.673,7815715.088,17030976.76,9208414.158,7557723.939,16766138.1,8195537.221,6870577.141,15067231.53,8483970.451,7042227.775,15526198.23,8237113.402,6697594.502,14934707.9,7423559,6243397,13666956,7280922.801,6064282.729,13346387.88,8155891.882,6734267.055,14890158.94,8148708.649,6611424.126,14760132.78,8325458.51,6974558.121,15300016.63,8101011.125,6822122.644,14923198.65,8483190.138,7081128.997,15563118.74,8483009.709,7014563.107,15497572.82
9,9364817,8721729,18086546,11430419.87,10602038.98,22032458.85,10594663.43,9757937.518,20352600.95,10995539.35,10228857.65,21224397,11243972,10250767.89,21494739.88,12531384.75,11498293.92,24029678.67,14230089.72,13110133.55,27340223.26,13072522.35,12248020.48,25320542.82,13659465.32,12584044.45,26243509.76,13891393.44,12622950.82,26514344.26,10674963,9407063,20082026,10549370.18,9400137.118,19949507.3,10160983.81,8942569.044,19103552.85,9674092.525,8064321.879,17739445.65,9572971.426,8111042.827,17684014.25,9519161.006,8102357.087,17621518.09,9228355.382,7612008.383,16839255.92,9106028.338,7420223.312,16526251.65,8301629.076,6790800.537,15092429.61,8098510.882,6761741.123,14859106.53,7726203,6522622,14248825,7481922.618,6455641.197,13937563.82,7219434.336,6080924.581,13300358.92,8045978.418,6796093.946,14842072.36,7880456.029,6490434.542,14370890.57,7962430.271,6689964.779,14652395.05,8125472.484,6795435.032,14922107.91,8259708.738,6962378.641,15222087.38
10,9956298,9267764,19224062,10846225.88,9888024.109,20734249.99,11972459.22,11082914.58,23055373.79,11051615.59,10078095.3,21129710.89,10831880.83,9798433.436,20630314.26,11501856.65,10667783.51,22169739.13,12395901.09,11486246.7,23883139.77,14141060.7,13150855.05,27292920.01,13238208.18,12206330.71,25444538.89,13306352.46,12338114.75,25644467.21,13811030,12399014,26210044,12071156.82,10638825.14,22709981.96,11039638.44,9442457.832,20482096.27,10739366.76,9323469.835,20062836.59,9858887.512,8508612.275,18368543.28,10635006.3,9119224.221,19754230.52,9683679.999,8233509.868,17916082.02,9313821.402,7772130.922,17085952.32,9274493.929,7710435.3,16984929.23,8431844.215,6756013.746,15186712.49,7830808,6623549,14454357,7650998.936,6713393.905,14364392.84,7313806.027,6333792.316,13647598.34,7336650.635,6267767.046,13604417.68,8065058.707,6948884.901,15015166.14,8187040.251,6895046.277,15082086.53,8402763.685,7123142.815,15525906.5,8581310.68,7412621.359,15993932.04
11,9974473,9335618,19310091,9288375.257,8733030.358,18021405.62,10719624.81,9996910.046,20716534.85,11921256.94,10932108.85,22853365.79,10640322.82,10014137.41,20654460.23,10439274.39,9673684.719,20112959.11,10849389.42,10037941.99,20887331.41,12299238.01,11174460.79,23472694.54,13684781.25,13159222.46,26844003.72,12818647.54,11748975.41,24567622.95,13110848,12026830,25137678,14343312.67,12853098.37,27196411.04,11705814.67,10094263.54,21800078.21,10437212.5,9226532.973,19663745.47,10391067.09,9059574.659,19450641.75,10039280.03,8770672.503,18809952.54,10479113.27,8774138.61,19254359.73,9672432.014,8275973.246,17948405.26,8933594.836,7618698.335,16552293.17,8848797.251,7520045.819,16368843.07,7522558,6413156,13935714,8035263.293,6721670.368,14756933.66,7811072.243,6748785.776,14559858.02,7429597.034,6143023.194,13572620.23,7255741.007,6060102.472,13314620.95,7959575.609,6727724.169,14687299.78,8226305.648,6830246.481,15056552.13,8455097.087,7026699.029,15481796.12
12,9727202,9137476,18864678,10568038.27,9788082.634,20356120.9,9851336.484,9171134.358,19022470.84,11257534.9,10513835.26,21771370.16,12027911.06,11327678.02,23355589.08,10904308.76,10061526.75,20965835.51,10515088.95,9831608.17,20346697.12,11057966.01,10397159.4,21455125.41,12629613.13,11562293.35,24192919.11,14260245.9,13214139.34,27474385.25,12779621,11796570,24576191,13869727.62,12243752.26,26113479.88,14321249.23,12834926.92,27157202.62,11324081.66,10169089.26,21493170.92,10936812.02,9695059.682,20631871.71,11135159.45,9785140.636,20920222.69,10271946.11,8718746.321,18989584.59,10352786.73,8835673.92,19188460.65,9711660.208,8294833.745,18006493.95,8979381.443,7557846.506,16537227.95,8288987,7110572,15399559,7671098.917,6391794.197,14062893.11,8060310.298,6631426.11,14691736.41,7787929.863,6657897.326,14445827.19,7549149.237,6326614.947,13874541.65,7272769.934,6118772.907,13391542.84,8079857.481,6826645.297,14906502.78,8019417.476,6714805.825,14734223.3
13,9987990,9379302,19367292,10025057.27,9540804.757,19565862.02,10455531.18,9840386.261,20295917.44,10112108.76,9456660.254,19568769.01,10606518.47,9864432.412,20470950.88,12414507.63,11496611.53,23911119.15,10787886.07,9966518.745,20754404.82,10309788.31,9517422.93,19827211.24,11150149.95,10356242.26,21506392.2,12293032.79,11523565.57,23816598.36,13619530,12663114,26282644,12977282.89,12259538.43,25236821.33,14037944.7,12788735.96,26826680.67,14303343.28,12987476.95,27290820.23,11558731.69,10446372.02,22005103.71,11473186.51,10121697.35,21594961.24,11121663.83,9595052.337,20716716.16,10237718.52,8796573.074,19034291.6,10213382.13,9033259.687,19247774.37,9395189.003,7947308.133,17342497.14,8161000,7064032,15225032,8336763.019,7097658.262,15434421.28,7746947.889,6336212.103,14083159.99,7872315.409,6766742.451,14639057.86,7805881.437,6607797.834,14413679.27,7517232.789,6300822.474,13818055.26,7168757.818,6143620.649,13311178.07,7830097.087,6594660.194,14425970.87
14,10537630,9922939,20460569,9421287.116,9110129.121,18531416.24,10262291.94,9860998.446,20123290.38,10660920.48,10023857.63,20684778.11,9761409.619,9309075.17,19070484.79,10461739.34,9729599.684,20191339.03,12249086.64,11381095.81,23631174.43,10604038.06,9568640.464,20172678.53,10523327.42,9699040.613,20222368.03,11135245.9,10265368.85,21400614.75,12023710,11166366,23190076,14110729.79,13025693.81,27136423.6,13586299.8,12405864.26,25992164.06,14266218.53,12969945.82,27236164.34,14563981.05,13264836.8,27828817.85,12551653.82,11094144.26,23645798.07,11683341.64,10187749.83,21871091.47,11077828.12,9816546.559,20895491.84,10068415.07,8926799.505,18994082.02,9877434.135,8717067.583,18594501.72,8463924,7429876,15893800,8162957.294,7094111.206,15257068.5,8232115.171,7191606.786,15423721.96,7658294.095,6476896.444,14135190.54,7975813.704,6662811.877,14638625.58,7905272.157,6710725.956,14615998.11,7462854.547,6264860.525,13727715.07,7075242.718,5985436.893,13060679.61
15,11123627,10520164,21643791,10302214.55,9815901.395,20118115.95,9641993.974,9027493.189,18669487.16,10517512.39,9874933.844,20392446.24,10785198.62,10305498.74,21090697.37,9692982.805,9006960.62,18699943.43,10361330.58,9615354.453,19976685.03,11906570.25,11020808.19,22926374.18,10582060.39,9705116.437,20287176.83,10343237.7,9323770.492,19667008.2,10598460,9830866,20429326,12236385.39,11169240.4,23405625.78,14139564.8,13125416.71,27266007.98,13246318.99,11996452.23,25242771.22,13845016.88,12878745.73,26723762.61,14110308.38,12675395.87,26785704.25,11778616.38,10307397.18,22086013.55,11330307.86,9510442.797,20841867.83,10549751,9021934.136,19572817.69,9373424.971,8281786.942,17656357.39,9524898,8499586,18024484,9063909.417,8326121.852,17390031.27,8538218.219,7754207.25,16292425.47,8718616.833,7434488.95,16153105.78,8016157.335,6401189.539,14417346.87,7599823.345,6043513.641,13643336.99,8247912.754,6867458.72,15115371.47,7782766.99,6189320.388,13970873.79
16,12043876,11443691,23487567,10740102.46,10257910.6,20998013.06,10297075,9824282.991,20121357.99,9682803.777,9076077.252,18758881.03,9998040.097,9346098.986,19344139.08,10358618.29,9638156.45,19996873.71,9135231.524,8597573.202,17732804.73,9783553.254,8846573.662,18630126.92,11730391.15,10557757.09,22288148.24,9951844.262,9015368.852,18966188.52,10468201,9845225,20313426,10599885.92,9674816.449,20275754.78,12249841.48,11288043.13,23537884.61,13914564.59,12708010.04,26622574.63,12827614.75,11768473.05,24596087.8,12753556.89,11638717.62,24392197.12,14462926.71,12706991.14,27169917.86,11168318.65,9787500.217,20955818.86,10922361.64,9051380.569,19973742.21,9860252.005,8626575.029,18486827.03,9795181,8995340,18790521,9720114.704,8943309.527,18663424.23,9524281.397,8569675.449,18093956.85,9289747.996,7697429.421,16987177.42,8892714.421,7321757.859,16214472.28,7837733.454,6628524.672,14466193.25,8063051.953,7167557.423,15230609.38,8330097.087,6756067.961,15086165.05
17,12581345,11955254,24536599,11223324.65,10812225.17,22035549.82,10515435.34,9871948.67,20387384.01,9830808.278,9409776.841,19240585.12,9350928.179,8954934.319,18305862.5,9065250.734,8580324.493,17645575.23,9564762.988,8938817.598,18504572.58,9018303.04,7997969.422,17015268.2,9256518.087,8414003.806,17670521.89,10616803.28,9524590.164,20141393.44,10275677,9789371,20065048,9355935.846,8591885.292,17946768.73,10268762.71,9285408.582,19554171.29,11609736.02,10413493.9,22023229.93,12883963.18,12369522.92,25253486.1,11172692.21,10386051.85,21558744.06,12801158.04,11335478.06,24136636.1,13683061.6,11817392.68,25500454.28,10458014.04,9331121.686,19789135.72,9864833.906,8579610.538,18444444.44,10760828,10014541,20775369,9689373.555,8658362.727,18347736.28,10241748.22,8961680.933,19203429.16,9380248.437,8651352.991,18032824.41,8519841.462,7456236.631,15974855.56,8622505.931,7431592.936,16054163.75,7560086.527,6363292.899,13923379.43,7775485.437,6882281.553,14658980.58
18,12567848,11928154,24496002,11592180.81,11241870.49,22834051.3,11033316.51,10568254.07,21601570.57,10252759,9828050.431,20080809.43,10307108.48,9399220.113,19706328.59,8434747.656,8054327.968,16489174.59,8788035.191,8138282.053,16925325.25,9208109.195,8600528.645,17809642.11,8507166.443,7754776.886,16261943.33,8573770.492,7928278.689,16502049.18,11783695,11316732,23100427,9341202.089,8243537.174,17583686.85,9377790.494,8618205.887,17995996.38,9683373.714,8466506.73,18149880.44,10936812.02,10046715.6,20983527.62,11094376.42,10519776.84,21614153.26,11444046.95,10453632.82,21896571.92,11989436.4,11040961.61,23031515.18,12832982.14,11368588.36,24201570.49,9738831.615,8760595.647,18499427.26,10744556,10010718,20755274,11157854.58,9426891.441,20584746.02,9233906.964,8224855.81,17458762.77,8859259.41,8410426.141,17269685.55,8400033.102,7448901.425,15848934.53,8102114.063,7067428.922,15169542.98,8177089.461,6718609.764,14895699.22,7234223.301,6497572.816,13731796.12
19,13333893,12660569,25994462,11670485.47,11376842.99,23047328.47,11254253.37,10565677.54,21819930.91,10317108.78,9981570.627,20298679.41,9719556.61,9445902.316,19165458.93,8945602.606,8551327.883,17496930.49,7973611.792,7692878.756,15666490.55,8200831.027,7550067.066,15750898.09,8578051.058,8089959.851,16668010.91,7623975.41,7058401.639,14683401.64,9752137,9370801,19122938,9564313.27,9229646.498,18793959.77,8132687.619,7484987.772,15617675.39,8262320.575,7688949.352,15950238.68,8549308.36,7903388.444,16452696.8,8838541.033,8517693.914,17356234.95,10978751.72,10081396.64,21060148.36,10407527.91,9769625.544,20177153.45,11228151.52,10298323.76,21526475.29,11758304.7,10820160.37,22578465.06,11079367,10464099,21543466,10105561.41,9955402.726,20060964.14,9536380.331,8841901.48,18378281.81,7994613.303,7599591.106,15594204.41,8451379.542,8214207.89,16664364.9,8468029.801,7817880.579,16285975.26,7803766.674,6929879.251,14734846.32,7753640.777,6705097.087,14458737.86
20,13191336,12844729,26036065,11998128.66,11960006.65,23958135.31,11850074.36,11747013.43,23597087.8,11173880.18,10863162.65,22037042.83,11076559.96,10790027.82,21866587.78,8984099.812,9071881.358,18055981.17,8971553.252,8755299.536,17726852.79,7846325.351,8043161.364,15889486.72,8083884.027,7794269.743,15879166.41,8276639.344,7957991.803,16234631.15,9315481,9078328,18393809,8068836.91,7921499.338,15991388.66,9421928.518,8935383.784,18357312.3,7980791.179,7687918.109,15668709.29,8028607.167,7753125.975,15782776.63,7545711.326,7696616.266,15242327.59,9299257.512,9074364.818,18373622.33,10634312.81,10372895.73,21007208.55,10106921.95,9681081.22,19788003.17,11202749.14,10785796.11,21988545.25,14201091,13825863,28026954,11361219.1,11198054.54,22559273.63,11216922.36,9933225.39,21148937.86,10686389.94,9627290.182,20313680.12,9561440.677,9459970.331,19021411.01,11350005.51,10957489.52,22307495.03,8921334.244,8447178.293,17368512.54,9118932.039,8256067.961,17375000
21,13820659,13335020,27155679,12417470.73,12725537.75,25143008.47,11803696.95,11622052.06,23425749,11286951.94,11402781.55,22689733.49,10947781.47,10814173.78,21761955.25,9655871.102,9987105.414,19643075.48,8871362.311,9062816.289,17934178.6,8649737.649,8788326.27,17437059.65,7802370.842,7937051.61,15739422.45,7518442.623,7693647.541,15212090.16,9548059,9376763,18924822,7618404.903,7959386.142,15578843.46,7716969.016,7740577.727,15458573.21,8919222.498,8632536.886,17551759.38,7669646.826,7802169.975,15472860.29,7094853.797,7749781.237,14844635.03,7860165.839,7800342.166,15661615.85,8893766.605,9463521.782,18357288.39,10062752.3,10337963.19,20400715.49,10329896.91,9877434.135,20207331.04,13357755,13198894,26556649,14292269.38,13516646.55,27808915.93,11406875.64,10919288.57,22326164.2,11045945.75,9886561.716,20932507.46,10493011.81,9880522.126,20373533.93,10258097.38,9522048.787,19780146.17,9726799.163,8999359.907,18726159.07,8922330.097,8064320.388,16987864.08
22,12586327,11965751,24552078,12556564.53,12470017.28,25026581.81,12976015,13020460.03,25996475.03,12120741.27,12056391.49,24177132.76,11641575.59,11739769.19,23381344.78,10585148.12,10943597.68,21528745.81,10309747.12,10544848.64,20854595.76,9281420.568,9292467.487,18573888.05,9027662.045,9481323.581,18508985.63,7675204.918,7983606.557,15658811.48,9519345,9312246,18831591,8682392.658,8762375.911,17444768.57,7851436.021,8133714.084,15984123.64,7930260.262,8143727.606,16073987.87,8960443.169,9389317.298,18349760.47,7365863.592,8033018.201,15398881.79,7569910.243,8257882.475,15827792.72,7776599.59,8227935.064,16004534.65,8958511.049,9419460.985,18379104.59,10508591.07,11042382.59,21550973.65,12281148,12193044,24474192,13580493.55,12842705.99,26423199.54,14048073.08,13875058.32,27923131.4,11667219.05,10445463.09,22112682.14,11137287.38,9687361.709,20825871.62,10331799.56,9269346.34,19601145.9,9731600.742,8495194.086,18226794.83,9507281.553,8519417.476,18026699.03
23,11691041,11132124,22823165,13795014.57,13837257.87,27632272.44,12329951.81,12212720,24542671.81,13223880.41,13421526.17,26645406.58,12805411.2,12866580.98,25671992.19,11286509.81,11459499.83,22746009.64,11242217.27,11398951.62,22642160.88,10722541.38,10888245.16,21610786.54,9623092.811,9918782.919,19541875.73,8974385.246,9379098.361,18353483.61,9119685,8811470,17931155,8552946.076,8609776.283,17163774.77,8595623.642,8822472.559,17419122.67,7821979.725,8200445.982,16022425.71,8336436.53,8583743.509,16920180.04,8728032.184,9522566.04,18250598.22,7662969.289,8347617.984,16010587.27,7777716.757,8386572.78,16163172.37,8025285.625,8418282.254,16443567.88,9744558.992,9605956.472,19351660.94,12876542,12819413,25695955,12460806.33,12233794.77,24694601.11,13405619.65,12994255.87,26399875.52,14662294.46,13631323.22,28293617.68,11381794.23,10490566.74,21872360.97,10098885.1,9173844.928,19272665.15,10206957.09,9388287.826,19594044.52,9099514.563,8248786.408,17348300.97
24,12943660,12250527,25194187,11034775.26,11189323.94,22224099.2,13624010.59,13544782.5,27168793.09,12842378.12,12664956.58,25507334.7,13679495.21,13372036.56,27051531.77,12464385.75,12503971.57,24968357.32,11640997.06,12107232.14,23748229.2,11417493.01,11838280.2,23255773.22,10751170.83,11245337.86,21997521.32,9628073.77,9881147.541,19509221.31,10435196,10056601,20491797,8516111.683,8626614.863,17143778.96,8714693.662,9076009.583,17790703.24,8625318.184,9171877.084,17797195.27,7871040.273,8669309.637,16540349.91,7953541.599,8539207.541,16492671.75,8897109.493,9603915.103,18499916.75,7950877.644,8327362.928,16277123.41,8150999.244,8445463.577,16596462.82,8615120.275,8671248.568,17286368.84,11292037,11366731,22658768,13621875.87,13256529.14,26878405.01,12876896.2,12420766.36,25297662.57,14263603.33,13210618.46,27474221.79,14752321.27,14143499.19,28895820.46,10457404.67,9456910.596,19914315.27,11070040.96,9968078.52,21038119.48,10070388.35,9009708.738,19080097.09
25,12593865,11926749,24520614,12421592.02,12311347.3,24732939.33,11046199.12,10864554.24,21910753.36,13950113.67,13886683.17,27836796.85,12943848.08,12971213.51,25915061.59,12839560.32,13136552.9,25976113.22,12459388.42,12602234.91,25061623.33,12138555.55,12155628.06,24294183.61,11487358.19,11873173.02,23360531.21,10852459.02,11112704.92,21965163.93,10766946,10369689,21136635,9869512.527,9992644.641,19862157.17,8550459.152,8604861.833,17155320.99,8936753.632,9189408.218,18126161.85,8658874.743,9173315,17831146.25,7783367.259,8536112.055,16319479.31,7738302.802,8537059.613,16275362.41,8964148.127,9547309.308,18511457.44,8203096.78,8565514.42,16768611.2,8618556.701,8504009.164,17122565.86,9969984,9963699,19933683,11215789.82,11469995.47,22685785.28,12847858.76,12628868.04,25476726.8,12168640.41,12091592.74,24260233.15,13082339.43,12611663.73,25694003.16,14085031.02,13752722.44,27837753.46,10707521.72,10210558.27,20916879.6,10224514.56,9644417.476,19868932.04
26,12959015,12328474,25287489,12120737.27,11860065.18,23980802.45,11924793.54,11710942.11,23635735.65,11286032.66,11081951.92,22367984.57,13533009.68,13785737.46,27318747.14,12541380.17,12685373.57,25226753.73,13179572.81,13566448.73,26746021.54,12432805.3,12743123.3,25175928.61,12044308.73,12092915.33,24137224.06,11269467.21,11328893.44,22599385.25,11674361,11200062,22874423,9984225.351,10434657.36,20418882.71,9603612.944,9652883.297,19256496.24,8359257.436,8334507.599,16694796.28,8933312.446,9252620.191,18186976.13,8415852.426,8891551.229,17307403.66,7731655.728,8186980.345,15918636.07,7937471.64,8650224.196,16587695.84,9356037.898,9712792.763,19068830.66,8207331.042,8457044.674,16664375.72,9879292,9829885,19709177,10091373.19,10057084.99,20148458.18,11426233.93,11444382.33,22870616.27,12908542.67,12899981.81,25808524.48,12321923.1,12238790.77,24560713.87,13327183.19,13056574.23,26383692.55,13931782.19,13427616.37,27359398.56,10989077.67,10384708.74,21372572.82
27,13966581,13060283,27026864,12187708.37,11680788.72,23868497.08,11698703.62,11579539.43,23278243.05,12197041.73,11890001.33,24087043.06,11126461.62,11084608.61,22211070.24,13153772.73,13222157.23,26375831,12602234.91,12873048.05,25475282.96,13400917.12,13551556.93,26952474.05,12417971.92,12485818.62,24903790.54,11518442.62,11872950.82,23391393.44,12123051,11507384,23630435,11282900.81,11262905,22545805.81,9916684.978,10013172.75,19929857.73,9956653.164,9910247.22,19866900.38,8286349.04,8603569.807,16889918.85,8357889.452,8824533.959,17182423.41,8274500.162,8763060.153,17037560.31,8086054.853,8361995.106,16448049.96,8194036.339,8442065.911,16636102.25,9714776.632,9502863.688,19218785.8,9801611,9679225,19480836,10111473.17,9851355.761,19962828.93,10181253.55,9993720.063,20174973.61,11579164.56,11663550.11,23242714.67,13321956.15,13145911.21,26469089.9,12621627.58,12364188.99,24985751.69,13604074.41,13146723.98,26750798.39,13990291.26,13549757.28,27540048.54
28,8144945,7783117,15928062,14050535.04,13581737.4,27632272.44,11893231.13,11660699.91,23553931.03,12069261.44,11675808.49,23745069.93,12769997.12,12382051.91,25152049.03,10972000.51,11029399.94,22001400.44,13603152.34,13523793.18,27126945.52,12945984.91,12967074.48,25913059.39,13322257.08,13603770.26,26926027.34,12554303.28,12464139.34,25018442.62,12734628,12065763,24800391,11843836,11885932.45,23729768.44,11179237.77,11262381.49,22442645.73,9981403.001,10224776.4,20206179.4,9886018.235,9893322.661,19779340.9,8109244.543,8461743.005,16570910.16,8227970.639,8767491.536,16995462.17,8403330.285,8834556.753,17237887.04,8203096.78,8627804.952,16830901.73,8436426.117,8428407.789,16864833.91,11271599,11050548,22322147,10234437.77,9750855.853,19984111.27,10235698.76,9947744.111,20183442.87,10235110.71,10350070.73,20585181.45,11769337.6,11607963.08,23377300.68,13449544.38,13119830.94,26569310.44,12851426.86,12542925.39,25394352.25,13848300.97,13241504.85,27088592.23
29,5848577,5655919,11504496,11265567.95,10885378.21,22150946.16,13648487.56,13292927.36,26941414.92,12099597.77,11837602.23,23937200,12398149.22,11960302.35,24358451.58,12462703.36,12434795.36,24897498.71,10973388.11,11026955.55,22000343.66,13558586.79,13455147.45,27014738.51,12675181.81,12733914.77,25409096.58,12992827.87,13150614.75,26143442.62,12931772,12228609,25160381,12281639.07,12140615.96,24422255.03,11647306.12,11482045.15,23130377.74,10851772.27,11079677.02,21931449.28,9658537.554,9991410.661,19649948.21,9063660.248,9478377.978,18541960.84,7763783.255,8110538.986,15874322.24,8216763.394,8745183.392,16961946.79,8512284.329,8730867.469,17243151.8,8182130.584,8410080.183,16592210.77,9914552,9653457,19568009,11525566.01,11228795.69,22754361.69,10063893.88,10042115.8,20106009.69,10213097.09,9793615.317,20006712.41,10387873.86,10352420.36,20740294.22,11858913.85,11619252.02,23478101,13995403.12,13619679.54,27615082.65,13388349.51,12950242.72,26338592.23
30,7519677,6923442,14443119,6195341.145,5942911.645,12138252.79,11839124.14,11421727.38,23260851.52,14245203.39,13848073.3,28093276.7,12245224.77,12327321.05,24572545.82,12406887.36,12358394.73,24765183.12,12928599.46,12907767.68,25835375.16,11476744.67,11496829.98,22972570.38,13679718.07,13561239.5,27240957.56,12845286.89,12991803.28,25837090.16,14396367,13615977,28012344,13300373.14,12992016.65,26291337.38,12606025.07,12613210.33,25220261.87,11939733.85,11853109.42,23792843.27,11226902.07,11385512.45,22612414.52,9604286.869,9891238.417,19495525.29,9170747.401,9542983.585,18713730.99,8145264.705,8306136.755,16451401.46,8594960.853,9087622.333,17681450.63,8709049.255,8785796.105,17495990.84,9604727,9323642,18928369,10083096.73,9629073.61,19712170.34,11310084.16,11129810.03,22439894.19,9698222.96,9514776.12,19212999.08,9935536.169,9719147.6,19655906.3,10315255.49,10178945.39,20494200.88,11472173.22,11621022.18,23093195.4,13173543.69,12958737.86,26132281.55
31,7535588,6843038,14378626,6689896.899,6519893.359,13209790.26,6242915.732,6177214.39,12420130.12,11718095.49,11385315.18,23103410.67,14073879.34,13642471.39,27716350.73,11950166.01,11975995.75,23926161.76,12292734.18,12092352.29,24384094.48,12626628.52,12538253.17,25164881.69,11047873.57,11036734.56,22084608.14,13364754.1,13056352.46,26421106.56,12817157,12201229,25018386,13737123.8,13590838.64,27327962.44,12522881.35,12159512.5,24682393.85,11989233.53,12022233.31,24011466.83,11592123.35,11225858.58,22816938.43,10493774.76,11004839.49,21498614.24,9028943.141,9534120.818,18563063.96,9020006.477,9290360.895,18310367.37,8245001.319,8146469.023,16391470.34,8381443.299,8870561.283,17252004.58,10141582,9724876,19866458,9584144.239,9358315.032,18941276.92,10121968.77,9843693.273,19965662.04,11383487.93,10973789.99,22357277.92,9930646.032,9700809.586,19631455.62,9969127.751,9855006.158,19824133.91,10020895.89,10082116.03,20103011.92,11356796.12,11434466.02,22792475.73
32,10007244,9053122,19060366,6664138.787,6293221.971,12957360.76,7461611.209,7243894.998,14705506.21,6470830.323,6395449.148,12866279.47,9988381.71,9679313.331,19667695.04,14233475.85,13989528.26,28223004.12,12351261.56,12225278.89,24576540.45,12754170.22,12245007.68,24999177.9,12938467.52,12718725.21,25657192.73,10896516.39,10694672.13,21591188.52,14262160,13456356,27718516,13160402.45,12999383.53,26159785.98,13829572.17,13726925.6,27556497.77,12925602.36,12892602.57,25818204.93,12300652.62,12277695.86,24578348.48,11110163.4,11498105.17,22608268.57,10145651.69,10698466.74,20844118.43,9481396.455,9685838.018,19167234.47,9274493.929,9527053.722,18800415.1,8207331.042,8451317.297,16658648.34,9909833,9565041,19474874,10183596.64,9696467.667,19880064.3,9703345.63,9271413.662,18975969.19,10219211.99,9679878.276,19899090.26,11650751.78,11093276.14,22745250.45,9880633.235,9713765.278,19594398.51,9930866.281,9707592.846,19638459.13,10014563.11,10042475.73,20057038.83
33,9528741,8821542,18350283,8550662.924,7948953.423,16499616.35,7035196.618,6688010.116,13723206.73,7561099.503,7367130.872,14928230.38,5616351.94,5661424.412,11277776.35,9777201.627,9690607.656,19467809.28,14321352.75,13900749.2,28222101.95,12402677.34,12337400.09,24739073.17,12400757.08,12141521.92,24543291.64,12432377.05,11922131.15,24354508.2,11133712,10602870,21736582,13979178.38,13832893.22,27812071.61,12632713.18,12600892.74,25233605.92,13927970.75,13949626.86,27877597.62,12685700.2,12592829.65,25277486.36,11628192.97,11971869.3,23600062.27,10808143.47,11399733.12,22207876.59,10285756.71,10611969.47,20897726.18,9474956.187,9579151.258,19054107.44,9316151.203,9577319.588,18893470.79,9289224,8890254,18179478,10176502.52,9778049.945,19954552.47,10217550.36,9729963.287,19947513.64,9661533.592,9623621.245,19285154.84,9979547.404,9640905.406,19621675.34,11468733.49,11114236.4,22582969.89,9948872.203,9571948.232,19519620.04,9845873.786,9661407.767,19507281.55
34,9114883,8528430,17643313,9976632.015,9225525.463,19202157.48,8818794.809,8399465.657,17218260.47,7214529.958,6954372.978,14168902.94,7366129.686,6973355.289,14339484.98,5737073.288,5839798.48,11576772.8,9985366.546,9843512.044,19828878.59,14457404.29,13988412.37,28445816.66,12426073.02,12423035.11,24849108.12,12209016.39,11906762.3,24115778.69,12751060,12077410,24828470,11457601.07,11326049.67,22784703.16,14139564.8,14044103.5,28183668.3,13020476.73,12834852.95,25855329.69,13771972.63,14026584.03,27797513.17,12187469.89,12504757.2,24692227.1,11605792.43,11535998.15,23142898.43,10684585.33,11407392.39,22091977.72,10424037.38,10548618.45,20972655.83,9868270.332,10020618.56,19888888.89,10576456,10112568,20689024,9522661.942,9117115.251,18639777.19,10114709.41,9686407.122,19801116.53,10385537.12,9972170.242,20357707.36,9576111.088,9684916.64,19262250.26,9885693.772,9675876.131,19561569.9,11528591.78,11239296.63,22767888.4,9867718.447,9603155.34,19470873.79
35,10051375,9325690,19377065,9329588.237,8800001.45,18129589.69,9958906.328,9479673.012,19438579.34,9099978.6,8662400.075,17762378.68,6999110.987,6562873.849,13561984.84,7559406.309,7354648.678,14914054.99,5900353.687,5903329.656,11803683.34,10332886.41,9817698.276,20149580.42,14572864.22,13976420.81,28549285.03,12241803.28,12336065.57,24577868.85,12794614,12004515,24799129,13228809.18,12622620.31,25851429.48,11262381.49,11400954.36,22663335.85,14289937.12,14349749.23,28639686.35,12803614.5,13011268.88,25814883.38,13396257.16,13795420.07,27191677.23,12205137,12509794.59,24714931.6,11762651.5,11838618.86,23601270.35,11239477.07,11583773.83,22824383.46,10597938.14,10894616.27,21492554.41,10817432,10369084,21186516,10605696.25,10248625.99,20854322.24,9351266.631,9077830.706,18429097.34,9893899.59,9534343.783,19428243.37,10118916.31,9625012.46,19742706.24,9635391.836,9241188.995,18876580.83,9999288.785,9573148.627,19572437.41,11453883.5,10991504.85,22445388.35
36,9452337,8878360,18330697,9533592.485,8959701.746,18493294.23,9229750.261,8943756.185,18173506.45,10308835.24,9534799.277,19843634.51,9177077.216,8586305.889,17763383.11,7086157.884,6765710.706,13851967.55,7623439.49,7554992.213,15178431.7,5827751.953,5887003.61,11715759.83,10103082.92,9744609.294,19848704.85,14256147.54,14090163.93,28346311.48,12375386,11769462,24144848,13098310.18,12662611.93,25760922.12,13129522.57,12662480.68,25792003.26,11282831.93,11285925.66,22567726.34,14355283.18,14209194.67,28564477.85,12370180.95,12798441.43,25168622.39,13224355.13,13768307.41,26992662.53,12263142.32,12422897.2,24687156.69,11861249.84,11958649.58,23819899.42,11468499.43,11720504.01,23190148.91,11690644,11216336,22906980,10823249,10313655.34,21136904.34,10483726.92,10030016.87,20513743.79,9435282.489,9061050.935,18497556.4,9821840.481,9610342.048,19432182.53,10259654.47,9808488.146,20068142.61,9516730.071,9097792.281,18614522.35,9850728.155,9506067.961,19356796.12
37,8870602,8355542,17226144,9578926.763,9272920.39,18851847.15,9442313.425,9012678.18,18454991.61,9332557.101,9154216.274,18486773.38,9845115.639,9436243.93,19281359.57,9227453.613,8699081.94,17926535.55,7179028.183,6729656.929,13907693.12,7812180.328,7609318.723,15422503.32,5999876.345,6052533.487,12051397.19,9926229.508,9676229.508,19603483.61,14366461,13499728,27866189,12839417.02,12783639.23,25623056.25,12684036.46,12468478.67,25152515.13,12803915.66,12607979.45,25411895.11,11079770.07,11292641.9,22373455.46,13665100.11,14089491.24,27754591.35,12307058.82,12776785.43,25083844.24,13438402.02,13924369.67,27363888.86,12331260.22,12059446.98,24390707.2,11857961.05,12243986.25,24101947.31,12283353,11706855,23990208,11890912.73,11300919.15,23191831.88,10824916.88,10310712.15,21135629.03,10763437.61,9893899.59,20657337.2,9406178.822,8924500.312,18330679.13,9973409.743,9631304.479,19604714.22,10252572.09,9909259.175,20161831.27,9567961.165,9098300.971,18667475.73
38,8704522,8182775,16887297,8970004.99,8660907.644,17630912.63,9758581.649,9317996.18,19076577.83,9658902.429,9376682.667,19035585.1,8934007.815,8666792.446,17600800.26,10342289.14,9829256.975,20171645.08,9411996.601,9104479.849,18516476.45,7061994.096,6877209.267,13939203.36,8079833.478,7717309.304,15797142.78,6061475.41,5886270.492,11948770.49,10799386,10123726,20923112,14809530.85,14239123.96,29047602.39,13097702.13,12757941.99,25856670.59,12935914.79,12480105.29,25416020.08,12986225.14,12818223.35,25803404.99,11032311.93,11388060.65,22420372.57,13450355.67,13975474.57,27425830.23,12583769.25,12926739.53,25510508.78,13346029.61,14007441.8,27353471.41,12665521.19,12539518.9,25206185.57,12662559,12067901,24730460,12512829.82,12019789.09,24532618.9,11901722.07,11308874.27,23210596.33,10800126.98,10354962.65,21155089.63,10816983.39,10242392.28,21059375.67,9394172.915,9003278.886,18397451.8,10082116.03,9862443.777,19944559.8,10154126.21,9984223.301,20138349.51
39,7490011,7040598,14530609,9127644.637,8610421.744,17738066.38,8637149.923,8568872.058,17206021.98,9512736.494,9405180.428,18917916.92,9698630.105,9264002.698,18962632.8,9244970.337,8935706.152,18180577.52,10123253.09,9481435.868,19604688.96,9403940.943,8844565.131,18248506.07,7066183.483,6867706.56,13932877.41,7658811.475,7594262.295,15253073.77,5805544,5608473,11414017,10209441.35,9930552.378,20139993.73,14561442.2,14573759.79,29135201.99,12551261.07,12515167.56,25066428.63,12940311.6,12409175.52,25349487.12,12462271.66,12806412.31,25268606.58,10889016.21,11134957.98,22023974.19,13764614.79,13984696.69,27749311.48,12410539.07,12985877.08,25396416.15,13636884.31,13838487.97,27475372.28,12937116,12274679,25211795,12777676.63,12070630.22,24848306.85,12517557.84,11940438.66,24456786.61,11765057.36,11636644.57,23400478.96,10890335.45,10538245.57,21428581.02,10632577.1,10231107.85,20863749.83,9355877.166,8963348.063,18320425.62,9876213.592,9702669.903,19578883.5
40,8042718,7299389,15342107,7623370.885,7465731.238,15089102.12,9114450.847,8859375.049,17973825.9,9139507.752,8794776.772,17934284.52,9856383.757,9494194.251,19350578.01,10249064.55,9822527.386,20071591.94,9653050.055,9154079.325,18807129.38,10530726.69,9892013.914,20422740.6,9699040.613,9258543.362,18957583.97,7143442.623,7000000,14143442.62,7608987,7075739,14684726,6337620.435,6284999.873,12621567.9,11576479.99,10963679.98,22540159.97,15466585.62,14856089.64,30321644.02,12953876.97,12841180.11,25794013.59,12877376.33,12997713.34,25875089.67,12823314.95,13100276.4,25923591.35,11429735.73,11399572.22,22829307.95,14028960.35,14016502.24,28045462.59,12973654.07,13061855.67,26035509.74,13993123,13404096,27397219,12951482.36,12048165.53,24999647.89,12795833.34,12217504.26,25012127.71,12358202.15,11679448.84,24037650.98,11684982.74,11241202.79,22927408.06,10916940.34,10409134.94,21326075.28,10582680.66,9989685.627,20572366.29,9383495.146,8824029.126,18207524.27
41,6805059,6205339,13010398,7165906.812,6957781.266,14123688.08,7355329.627,7165955.171,14521284.8,8786503.228,8489574.944,17276078.17,8785912.55,8529965.299,17315877.85,9764930.024,9488324.138,19253254.16,9852439.95,9600474.61,19452914.56,9346697.817,8958047.118,18304744.93,10529403.25,9746634.569,20276037.81,9307377.049,8795081.967,18102459.02,6819876,6239911,13059787,7965700.609,7638400.716,15604101.33,6105417.892,6170085.23,12275503.12,11041521.02,10764116.6,21806668.86,14581720.37,14557720.12,29140483.98,12245587.64,12532229.64,24777817.29,12559647.65,12856550.33,25415090.13,12687665.79,13022815.89,25710481.68,11429746.33,11539604.18,22968217.96,13854524.63,13902634.59,27757159.22,12723691,12232606,24956297,13754299.28,13432699.57,27186998.84,12945860.13,12262270.32,25206920.56,12634595.38,12288492.35,24924310.71,12381827.28,11786453.08,24169502.9,11692500.05,11169383.28,22861948.2,11100050.83,10412224.6,21512275.43,10419902.91,10013349.51,20434466.02
42,6496011,5896378,12392389,7659432.242,7106147.992,14765580.23,7314105.256,7003634.209,14317739.46,7622691.439,7433319.22,15056010.66,8816497.442,8542843.148,17359340.59,9110378.564,8881176.691,17991555.26,9741337.123,9630234.296,19372563.41,10081820.07,9645968.898,19727788.97,9420565.339,9149178.528,18569743.87,10488729.51,9846311.475,20334016.39,8985776,8150205,17135981,7604723.557,6859616.405,14464339.96,8096761.32,7627666.502,15724427.82,6530863.23,6180240.54,12711103.77,11066204.71,10944116.45,22009277.67,14668966.21,14671906.92,29340873.12,12592883.03,12710314.68,25303197.71,13035104.73,13180336.44,26215441.17,12860163.46,13197664.89,26057828.35,11458190.15,11650630.01,23108820.16,13782610,13249932,27032542,12707917.87,12473812.2,25180547.73,13950071.71,13474583.58,27424655.29,12966022.68,12079362.95,25045385.62,12611663.73,12271799.2,24882240.39,12282117.46,11718711.03,24000828.5,11504583.88,11203284.78,22707868.66,10513349.51,10319174.76,20832524.27
43,6264508,5686196,11950704,6536378.55,6043883.445,12580262,7399774.652,6910235.243,14310009.9,7248543.415,7066525.457,14315068.87,7655881.291,7161693.832,14817575.12,9089497.046,8872764.706,17962261.75,8868386.342,8659076.552,17528454.88,9810668.419,9645968.898,19456637.32,9986629.622,9587650.503,19574280.13,9217213.115,8907786.885,18123975.41,9889275,9109149,18998424,9630615.177,9188602.46,18818165.23,7260191.787,6979966.655,14240158.44,7797229.889,7439388.496,15237649.63,6264066.653,6191022.397,12455089.05,10915921.65,11050110.97,21966032.62,14708868.48,14799711.83,29508580.31,12627338.77,12782624.98,25409963.75,13189737,13114988.36,26304725.36,12857961.05,13142038.95,26000000,10856214,10499534,21355748,14165757.73,13414964.29,27580722.02,12812771.85,12313085.85,25125857.69,14085048.4,13518809.16,27603857.56,12942970.52,12171551.38,25114521.91,12621043.67,12178441.34,24799485.01,12251229.45,11832291.66,24083521.12,11608009.71,11135922.33,22743932.04
44,5727681,5284385,11012066,6248918.018,6077884.153,12326802.17,6153381.551,5918917.939,12072299.49,7485718.329,7060090.479,14545808.81,7480420.597,7016818.03,14497238.63,7807510.408,7659360.493,15466870.9,8970561.263,9037024.561,18007585.82,9013281.713,8795356.128,17808637.84,9931947.205,9832708.744,19765668.59,9869877.049,9489754.098,19359631.15,8939273,8424754,17364027,10431500.12,9801105.797,20232605.92,9434246.106,8888166.362,18322412.47,7364107.742,6884579.65,14248687.39,7890866.571,7680081.72,15570948.29,5989068.829,6238874.545,12227943.37,10768261.02,11348772.21,22117033.23,14624833.39,14631536.39,29256369.78,12635917.54,12768426.49,25404344.04,12844215.35,12954180.99,25798396.33,12253040,11759118,24012158,11221701.58,10805513.72,22027215.29,13935552.99,13397150.39,27332703.38,12794805.63,12504959.62,25298542.26,14055476.72,13499223.62,27554700.35,12966392.87,12445352.22,25411745.09,12590941.18,12246427.87,24837369.06,12359223.3,11870145.63,24229368.93
45,5481782,4983328,10465110,5862546.335,5590540.671,11453087.01,6193961.791,5980110.365,12174072.16,6236413.256,6147242.842,12383656.1,7261497.163,6706139.92,13967637.08,7866691.202,7506559.245,15373250.45,7976587.76,7608559.647,15584155.42,9163921.519,9161912.988,18325834.51,9052977.979,9117786.769,18171777.39,10039959.02,9474385.246,19514344.26,9650322,8961850,18612172,9456967.324,9223332.031,18680299.35,10607496.38,10132242.77,20739739.16,9417312.967,9082158.924,18499471.89,7370165.378,7011205.037,14380326.93,7780503.935,7806970.34,15587474.27,6249358.068,6535182.281,12784540.35,11100171.46,11378346.05,22478517.5,14826279.16,14987101.99,29813381.14,12687285.22,12855670.1,25542955.33,12252515,11710059,23962574,12198324.22,11656807.06,23855131.28,10806768.48,10426861.93,21233630.4,13705924.93,13192273.78,26898198.71,12484520.16,12328035.77,24813778.47,13807739.55,13264510.39,27072249.95,12855028.04,12137191.95,24992219.99,12270631.07,12058252.43,24328883.5
46,5250473,4702941,9953414,5263927.808,5151622.439,10415550.25,5704422.382,5576884.483,11281306.86,6262153.169,6050718.168,12312871.34,6287609.824,6134685.366,12422295.19,7578011.642,7141479.061,14719490.7,7655183.154,7481584.988,15135776.15,7770001.183,7714766.587,15484767.77,9248416.989,8891968.639,18140385.63,8744877.049,8757172.131,17502049.18,9524972,8988462,18513434,10078942.36,9801105.797,19880048.16,9636459.846,9074983.117,18711442.96,10332025.69,9999965.379,20330959.83,9727407.852,9192097.808,18919505.66,7193212.863,7044706.925,14237919.79,8158176.354,7867920.759,16026097.11,6127661.076,6415890.166,12543551.24,10964266.18,11299502.5,22264901.23,14674684.99,14928980.53,29602520.05,11867147,11488631,23355778,12407600.5,11803418.69,24211019.19,12239282.34,11732336.98,23971619.32,10915087,10457692.88,21372779.88,13576243.28,13148356.28,26724599.56,12719918.78,12275629.6,24995548.37,13622080.33,13123916.48,26745996.81,12873786.41,12084951.46,24958737.86
47,4982722,4462839,9445561,5404051.938,4843555.417,10247607.36,5092498.12,5055782.664,10148280.78,5769417.688,5591996.143,11361413.83,6236098.428,5838494.837,12074593.26,6626962.423,6326802.976,12953765.4,7426033.575,7126452.738,14552486.31,7817201.655,7318081.765,15135283.42,7799332.93,7740599.963,15539932.89,9044057.377,8759221.311,17803278.69,8575888,8169807,16745695,10041055.56,9599042.84,19640098.4,10035755,9623115.792,19659897.26,9478156.316,9425562.912,18903719.23,10507937.9,10242891.6,20750829.49,9363767.611,9210154.121,18573844.34,9767876.279,9555169.888,19321938.32,7255999.761,7173329.402,14429329.16,8084178.492,8129480.697,16213659.19,6201603.666,6435280.641,12636884.31,13803796,13168361,26972157,14042793.13,13360576.1,27403369.24,12417136.68,11860585.69,24277722.37,12086700.82,11772395.24,23859096.06,11061490.25,10578589.21,21640079.46,13659232.26,13274826.1,26933993.48,12662964.87,12253630.24,24916595.12,13581310.68,13054611.65,26635922.33
48,5088847,4581520,9670367,4904344.562,4548882.613,9453227.175,5190406.002,4921159.327,10111565.33,5163610.445,5195785.337,10359395.78,5666253.605,5622790.864,11289044.47,6628842.749,6321161.997,12950004.75,6458843.789,6358652.847,12817496.64,7790086.49,6973618.743,14763705.23,7891482.929,7715284.029,15606766.96,7934426.23,7523565.574,15457991.8,8849449,8387172,17236621,9246485.078,8798157.893,18045695.38,10154825.02,9894102.733,20048927.75,10152589.37,9744217.063,19897837.68,9547927.681,9857844.022,19405771.7,10667354.13,10448735.44,21116089.57,7256389.886,7505655.188,14762045.07,8128507.2,8002267.327,16130774.53,6327585.491,6402334.129,12729919.62,10829324.17,11103092.78,21932416.95,10224798,9850286,20075084,11837706.9,11712377.6,23551266.85,11817029.52,11642804.86,23461044.28,12323958.74,12062241.24,24386199.98,12184999.26,11733884.11,23918883.37,10852580.7,10542785.01,21395365.71,13725314.28,13426415.97,27151730.26,12899271.84,12200242.72,25099514.56
49,5052076,4501413,9553489,4883738.072,4668400.254,9552138.326,4649336.128,4342085.736,8991421.864,5092825.684,4866682.161,9959507.844,5028800.074,4911289.701,9940089.776,5952024.267,5861372.749,11813397.02,6406268.344,6270365.779,12676634.12,6546805.96,6065762.847,12611564.54,7719334.578,6728975.242,14448309.82,7656762.295,7148565.574,14805327.87,7338972,7074151,14413123,9162292.179,8593990.114,17756282.29,9056506.735,8864557.652,17922090.85,9863841.275,9763810.684,19627651.96,10138542.66,9911061.98,20049604.64,9559247.549,9733213.859,19292461.41,10941084.96,10908957.44,21850042.4,9777445.713,9640034.171,19418597.05,7432959.294,7473731.278,14906690.57,7895761.741,8193585.338,16089347.08,5628162,5600798,11228960,10326661.21,9896285.132,20222946.34,13894416.61,13318507.32,27212923.93,11974186.76,11518015.62,23493425.35,12374492.08,11863472.74,24237964.82,12285166.76,11957140.17,24242306.93,10987213.72,10793950.15,21781163.87,13497572.82,13485436.89,26983009.71
50,4875474,4372725,9248199,5168107.631,4806463.735,9974571.366,5140807.93,5070597.673,10211405.6,4986188.9,5235314.489,10221503.39,5497231.836,5672692.53,11169924.37,5720447.246,5513512.395,11233959.64,6195966.565,6265405.832,12461372.4,6671334.866,7210625.371,13881960.24,7124916.449,7418581.283,14543497.73,7831967.213,7911885.246,15743852.46,7572176,7139084,14711260,8087780.312,8291948.091,16379728.4,9568713.111,9633380.449,19202093.56,9473000.1,9702967.335,19175967.44,10579938.66,10378545.22,20958483.88,10693897.92,10372741.26,21066561.79,10127926.16,9997200.356,20125126.51,11194013.49,10808590.87,22001487.19,9883808.587,9780746.071,19664554.66,7484536.082,7663230.241,15147766.32,7205176,6891832,14097008,5520400.87,5594889.038,11116472.26,10095351.11,9704555.524,19798696.75,13785418.56,13195942.72,26980138.3,11486932.18,11110391.62,22597323.8,12175911.07,11551064.53,23726975.6,11945128.78,11610218.62,23555347.4,10538834.95,10367718.45,20906553.4
51,4738952,4203598,8942550,4816766.98,4418031.404,9234798.384,4749176.402,4641606.559,9390782.961,4882309.965,4703049.855,9585359.82,4832412.876,4957971.904,9790384.78,5425928.778,5132894.778,10558922.52,5460902.328,5207944.999,10668847.33,6043669.008,5802645.319,11846314.33,6531510.958,6357337.332,12888848.29,6678278.689,6408811.475,13086065.57,7269012,6644915,13913927,7835201.617,7587884.977,15423086.59,7967426.643,7624587.105,15592013.75,9211064.325,9131658.598,18342722.92,9306881.638,9246359.255,18553240.89,10299146.08,10166659.28,20465882.74,10340632.55,10379407.15,20718931.86,9928263.26,9885810.914,19814074.17,11065063.58,10781924.8,21846988.39,9801832.761,9560137.457,19360824.74,6624865,6213967,12838832,7291563.968,6956958.389,14249704.71,5529213.158,5598177.086,11127390.24,10171515.81,9912244.274,20083760.08,13477218.01,13363522.32,26840740.32,11637482.93,11611401.7,23248884.63,11969136.67,11929523.64,23898660.32,12026699.03,11571601.94,23598300.97
52,4919285,4313731,9233016,4445850.165,4165601.904,8611452.069,4825183.837,4561090.208,9386274.045,4999978.14,4762803.225,9762781.365,5020751.419,4708463.578,9729214.997,5134676.14,4851736.523,9986412.663,5546213.427,5166281.439,10713486.86,5624890.348,5492327.319,11117217.67,6158860.41,5946206.565,12105066.97,6380122.951,6089139.344,12469262.3,6256655,5826372,12083027,7720488.792,7080622.764,14801111.56,7983850.094,7418267.502,15402117.6,8178789.875,7769386.322,15948176.2,9452970.149,9340273.298,18793243.45,9517458.488,9448351.765,18965810.25,10573280.16,10411534.68,20984814.84,10531533.45,10649953.15,21181486.6,10085403.4,10014052.43,20099455.83,10703321.88,10520045.82,21223367.7,8570000,8047709,16617709,6725217.423,6376423.622,13101641.05,7177088.065,6966566.601,14143654.67,5511966.063,5527864.789,11041053.83,10508904.75,10048009.32,20556914.08,13720931.88,13212542.57,26933474.46,11705049.81,11575407.17,23281657.38,11799757.28,11628640.78,23428398.06
53,4810911,4287208,9098119,4902283.913,4464396.005,9366679.918,4376868.799,4225498.061,8602366.86,4874955.704,4662601.42,9537557.124,5112506.094,4908070.239,10020576.33,5034820.92,4772762.821,9807583.741,5181161.282,4780397.515,9960566.808,5421024.478,5216154.342,10637178.82,5639377.445,5313308.216,10952685.66,5906762.295,5816598.361,11724385.25,6105349,5632191,11737540,6658605.86,6288157.107,12946762.97,7644089.953,7418267.502,15062357.45,7765261.349,7700293.027,15466585.62,8350001.891,7806343.933,16157389.31,9575189.301,9488360.921,19063550.22,9730209.522,9436630.389,19166839.91,10628726.98,10465620.59,21094347.57,10574667.21,10505581.35,21080248.57,9939289.805,9941580.756,19880870.56,9422827,8929153,18351980,8625256.875,7966686.884,16593126.11,6662883.34,6457201.45,13120084.79,7218021.679,6952635.249,14170656.93,5465950.808,5585759.168,11050487.44,10082860.07,9804141.275,19887066.22,13806941.13,12984670.68,26791611.81,11406553.4,11421116.5,22827669.9
54,4765733,4331942,9097675,4838403.795,4366515.179,9204918.974,4940483.251,4673813.099,9614296.349,4369350.266,4363834.571,8733184.837,4745487.394,4623147.828,9368635.222,5347944.721,4934866.736,10282811.46,4898444.268,4844876.834,9744313.091,5055471.882,5036390.84,10090858.46,5407483.491,5161412.613,10568896.1,5513319.672,5274590.164,10787909.84,5600933,5257513,10858446,6455490.492,6255532.359,12712075.26,6820864.474,6517030.631,13337895.1,7750823.944,7546637.789,15297461.73,8092260.018,7641472.613,15734776.12,8107851.574,8052751.924,16160603.5,9793356.732,9589513.108,19382869.84,9804257.722,9419952.269,19224209.99,10817034.01,10638090.3,21455124.31,10687285.22,10302405.5,20990836.2,8540366,8307276,16847642,9459997.293,9027256.51,18487253.8,8712442.878,8009494.772,16721937.65,6551498.159,6210287.036,12763008.17,7314422.653,6886535.652,14200958.3,5479847.696,5557247.957,11037095.65,9982483.258,9657176.264,19640859.92,13671116.5,12995145.63,26666262.14
55,4580456,4223904,8804360,4870343.854,4422152.701,9292496.555,4864475.816,4540478.023,9404953.839,5099260.662,4783946.725,9883207.387,4399395.2,4141838.218,8541233.417,5078662.211,4703586.608,9782248.819,5278376.256,4919276.048,10196660.31,5193056.238,4993207.429,10187267.93,5218120.305,4978125.251,10196245.56,5397540.984,5226434.426,10623975.41,5184602,4860571,10045173,5844039.567,5636714.555,11480754.12,6595042.023,6334319.739,12929361.76,6742268.088,6596862.795,13338099.64,7896084.018,7592428.613,15488512.63,8204198.574,7995717.596,16199838.78,8062901.617,8307735.535,16370637.15,9964012.605,9923794.592,19887807.2,9958557.226,9820385.5,19780075.28,10552119.13,10360824.74,20912943.87,8973192,8637336,17610528,8631168.634,8284739.537,16914725.82,9391193.115,8982249.122,18373442.24,8477689.982,7924903.503,16402593.49,6440310.636,6371848.716,12810936.82,6989120.359,6760487.901,13749673.14,5389772.707,5541022.453,10930795.16,9816747.573,9576456.311,19393203.88
56,4618277,4184241,8802518,4523124.501,4340757.067,8863881.568,4794265.559,4535324.976,9329590.535,4808767.356,4630426.529,9439193.885,5070653.084,4618318.634,9688971.718,4505360.636,4259829.615,8765190.252,4955979.66,4704014.321,9659993.982,5206111.688,4940985.63,10147097.32,5026731.844,4861671.955,9888403.799,5058401.639,4694672.131,9753073.77,5059575,4649136,9708711,5550416.834,5232588.642,10783005.48,6002771.323,5777975.338,11780746.66,6719580.737,6198802.918,12918383.65,6829637.888,6495721.291,13326402.67,8027833.262,7529305.25,15557138.51,8328784.605,7884538.446,16214430.9,8258098.573,8280441.914,16538540.49,10021980.31,9614260.467,19636240.78,9263459.336,9335624.284,18599083.62,8981235,8756892,17738127,8983509.49,8765956.747,17749466.24,8703973.624,8339795.69,17043769.31,9249389.691,8818901.105,18068290.8,8527176.668,7889013.769,16416190.44,6493252.63,6210316.72,12703569.35,6934680.83,6684998.709,13619679.54,5309466.019,5411407.767,10720873.79
57,4525324,4095420,8620744,4403606.861,4231542.671,8635149.532,4416160.778,4425822.74,8841983.518,4800493.812,4573431.007,9373924.819,4867826.961,4449296.865,9317123.825,5098554.083,4659745.317,9758398.365,4355825.999,4386577.674,8742403.672,4863657.196,4694940.614,9558597.81,5057110.965,4947746.13,10004857.09,5010245.902,4779713.115,9789959.016,4567728,4253812,8821540,5357825.578,4974747.89,10332573.47,5459770.976,5250371.976,10710142.95,6062678.814,5745055.906,11808765.96,6546852.27,6357980.695,12904832.97,6764565.446,6575353.867,13339919.31,8071764.383,7753812.643,15825577.03,8378752.611,7992212.824,16370965.43,8222350.217,8273315.198,16495665.41,9595647.194,9245131.73,18840778.92,8099033,7994855,16093888,9017797.695,8918480.138,17936277.83,8820123.397,8592663.425,17412786.82,8694157.254,8401865.288,17094799.56,9102990.318,8874376.406,17977366.72,8355595.054,7989614.437,16345209.49,6506139.882,6174830.914,12682171.19,6936893.204,6598300.971,13535194.17
58,4106208,3740707,7846915,4805433.411,4553003.911,9358437.322,4535969.107,4380.089453,8913482.037,4779350.312,4509081.224,9288431.536,4817925.295,4537832.077,9355757.373,4915469.686,4514663.303,9430132.989,5093866.204,4882572.436,9976438.64,4544300.808,4500113.132,9044413.94,5095591.184,4778635.691,9874226.876,5103483.607,4902663.934,10006147.54,4602955,4266825,8869780,4867401.945,4723221.606,9591675.962,5425897.608,5075872.81,10502796.88,5529526.076,5335652.353,10865178.43,6205631.248,5845627.418,12051258.67,6709233.635,6429943.415,13139177.05,6835408.488,6815467.264,13650875.75,7900605.129,7630250.711,15530855.84,8317484.848,8087576.157,16405061,7865979.381,8190148.912,16056128.29,8153588,8014345,16167933,8057727.978,7943039.847,16000767.82,8811654.143,8716072.559,17527726.7,8695380.233,8650130.012,17345510.25,8368247.211,8144523.436,16512770.65,9211085.288,8865281.94,18076367.23,8352347.103,8018637.345,16369784.05,6331310.68,6282766.99,12614077.67
59,4009672,3625126,7634798,4063599.78,3902869.16,7966468.939,4733073.132,4448367.318,9181440.45,4522870.463,4320628.288,8843498.751,4418711.973,4410663.318,8829375.291,4807994.197,4541086.835,9349081.032,4861740.656,4683182.541,9544923.197,5035386.575,4892780.892,9928167.467,4447503.275,4207508.222,8655011.497,4794057.377,4565573.77,9358606.557,4646646,4278525,8925171,4664286.577,4616928.071,9281214.648,4858262.085,4777171.296,9635433.381,5265527.815,5071654.092,10337181.91,5348926.48,5341622.055,10690548.53,6079611.793,5908044.484,11987733.66,6965026.445,6613839.331,13578865.78,6813601.623,6662784.076,13476385.7,7982248.53,7536021.81,15518270.34,8075601.375,8138602.52,16214203.89,6875890,6826108,13701998,8127486.738,8006886.848,16134373.59,7993766.157,8039742.109,16033508.27,8779765.779,8795664.506,17575430.29,8860928.529,8609086.466,17470014.99,8319782.024,8228432.847,16548214.87,9145808.074,8840907.792,17986715.87,8309466.019,8029126.214,16337378.64
60,4019833,3711112,7730945,3998689.337,3933778.894,7932468.231,4309879.196,4179120.643,8488999.838,5032153.031,4803251.66,9835404.691,4602221.323,4354322.728,8956544.051,4763361.19,4656479.487,9419939.642,5086922.278,4851820.76,9938743.038,5160919.746,4916883.261,10077803.01,5289004.92,5101667.008,10390671.93,4716188.525,4400614.754,9116803.279,4769323,4371818,9141141,5056835.966,4911603.216,9968439.182,5339674.491,5038920.045,10378594.54,5238715.492,5156216.035,10395962.77,5651538.396,5424057.714,11076639.6,5928165.143,5741662.114,11669827.26,6413319.244,6229416.844,12642736.09,7018043.187,6704119.256,13722162.44,7131699.63,6794198.203,13925897.83,7997709.049,7537227.95,15534937,6917026,6701178,13618204,6719305.664,6823352.628,13542658.29,7999815.624,8040952.002,16041977.52,7957923.935,7893106.051,15852252.96,8812027.158,8848703.186,17661952.88,8727609.387,8587536.324,17315145.71,8052248.4,8257515.913,16309764.31,8728155.34,8690533.981,17419902.91
61,3585188,3381291,6966479,4060508.806,3800867.035,7861375.842,3762368.014,3587808.567,7350176.581,4191009.439,4015426.46,8206435.899,4600611.592,4372029.77,8972641.362,4390660.736,4215493.502,8606154.238,4602831.39,4468912.804,9071744.194,4765239.19,4601543.934,9366783.124,4774585.142,4599398.879,9373984.021,4743852.459,4604508.197,9348360.656,3921897,3652545,7574442,4913708.039,4576936.445,9490644.483,4876738.467,4651942.482,9528680.949,4861280.478,4707625.24,9569936.961,5011879.416,4912747.926,9924627.342,5522114.773,5179599.253,10701714.03,5582434.906,5367512.824,10949947.73,6136598.412,5893056.003,12028537.25,6494071.094,6189413.765,12684617.41,6735395.189,6539518.9,13274914.09,6690003,6339122,13029125,7004252.464,6667282.182,13671534.65,6678611.955,6927850.01,13606461.96,7937133.293,7962815.85,15899949.14,7741087.12,7796101.163,15535965.75,8603172.085,8577934.28,17181171.24,8664449.754,8558815.011,17223264.77,8156553.398,8070388.35,16226941.75
62,3635374,3424758,7060132,3540194.94,3579347.27,7119542.21,4123725.394,3949165.947,8072891.34,3938206.72,3665179.784,7603386.504,4066180.854,3966377.523,8032558.378,4704873.147,4412729.828,9117602.975,4481808.668,4456016.941,8938817.598,4397678.064,4494087.539,8891765.603,4721927.999,4576108.22,9298036.219,4723360.656,4478483.607,9201844.262,4511488,4100377,8611865,4177020.177,4179124.999,8356145.176,4931141.148,4551348.845,9482489.994,5025248.148,4854061.776,9879309.924,4880399.756,4712397.968,9592797.724,5122100.601,4891641.672,10013819.66,5634503.658,5214630.106,10849133.76,5497578.88,5574663.404,11071125.12,5933456.307,5854177.448,11788766.31,6556701.031,6373424.971,12930126,5719180,5557673,11276853,6807982.054,6362235.4,13170217.45,6870985.017,6455991.557,13326976.57,6875587.577,6931844.608,13807432.18,7920799.661,7836444.795,15757244.46,7722898.195,7815350.31,15538248.51,8448378.688,8569618.564,17017997.25,8478155.34,8468446.602,16946601.94
63,3200259,3033614,6233873,3831776.77,3599953.76,7431730.53,3518242.44,3395857.588,6914100.028,4008072.199,3787444.371,7795516.57,3808623.872,3621895.06,7430518.932,4020929.218,3930079.771,7950910.025,4716910.185,4495696.521,9211614.717,4384622.614,4198833.52,8583456.134,4439402.176,4457629.649,8897031.825,4439549.18,4438524.59,8878073.77,4229884,3898391,8128275,4825305.495,4488533.901,9314891.808,4130497.915,4071989.371,8201460.819,4836530.641,4499314.112,9335844.753,4959704.947,4699876.096,9659581.043,4933275.958,4735319.632,9668518.203,5078365.075,4888923.445,9967288.52,5372456.174,5141202.602,10513658.78,5503085.359,5548387.564,11051472.92,5714776.632,5600229.095,11315005.73,5492805,5298828,10791633,5635089.001,5658736.039,11293825.04,6587869.945,6327742.849,12915612.79,6632214.768,6474450.486,13106665.25,6541780.982,6737386.469,13279167.45,7741258.861,7824108.932,15565432.67,7651316.533,7692129.956,15343446.49,8354368.932,8487864.078,16842233.01
64,3041294,2943531,5984825,3443344.438,3395949.512,6839293.95,3638050.769,3507936.347,7145987.116,3409619.217,3435359.13,6844978.347,4003401.34,3832769.839,7836171.179,3795982.821,3583110.098,7379092.919,4067157.047,3948118.304,8015275.352,4615603.65,4459942.517,9075546.166,4380669.21,4272317.012,8652986.222,4262295.082,4310450.82,8572745.902,4241886,4006239,8248125,4602194.314,4354877.675,8958124.4,4707371.629,4703265.766,9410637.396,4110535.423,4169316.286,8280882.953,4816746.905,4598657.627,9415404.532,5000912.326,4663736.519,9664648.845,4928805.894,4820237.007,9749042.901,4964690.214,4671992.456,9636682.67,5264116.227,4978712.335,10242828.56,5468499.427,5269186.712,10737686.14,5015412,4936055,9951467,5387977.461,5252006.996,10639984.46,5652622.292,5518324.117,11169736.52,6343591.74,6235969.593,12579561.33,6616355.574,6468428.925,13084784.5,6451795.156,6544636.542,12996366.82,7768955.224,7598499.161,15367454.39,7576456.311,7565533.981,15141990.29
65,3058844,3110198,6169042,3064185.027,3085821.841,6150006.867,3299237.967,3268319.689,6567557.656,3628408.479,3576009.37,7204417.849,3303168.295,3380435.389,6683603.684,4081792.41,3991635.715,8073428.124,3806263.802,3806263.802,7612527.605,4074304.614,3983920.731,8058225.345,4578133.495,4421174.704,9000320.836,4219262.295,4071721.311,8290983.607,3942771,3865821,7808592,4574831.622,4380135.544,8954967.167,4495919.698,4474363.919,8970283.617,4856124.262,4641625.675,9497749.937,4058130.137,4059173.626,8117303.763,4965236.851,4884986.377,9850145.841,5027404.168,4736040.727,9763444.896,4799349.496,4654117.784,9453467.279,4898300.921,4683115.447,9582548.924,5358533.792,5058419.244,10415807.56,4564266,4509145,9073411,4944595.511,4944595.511,9889191.021,5287234.464,5368297.327,10655531.79,5508297.126,5511966.063,11020263.19,6178688.298,6254485.424,12433173.72,6495588.263,6541911.638,13037499.9,6317677.896,6675395.551,12993073.45,7510922.33,7777912.621,15288834.95
66,2813087,2883787,5696874,3063154.702,3126004.496,6189159.198,3014532.153,2844481.621,5859013.774,3194507.085,3120045.193,6314552.278,3565554.47,3552676.621,7118231.091,3355293.729,3361627.46,6717020.153,4003669.718,3963990.137,7967659.854,3667577.138,3666572.873,7335154.277,3797390.092,3916881.3,7714271.392,4264344.262,4287909.836,8552254.098,3645264,3574802,7220066,4049678.418,4090722.456,8140400.874,4443569.948,4162318.351,8605888.299,4538501.354,4332252.713,8870754.067,4484917.287,4515178.478,9000095.765,4107555.081,3962531.564,8070086.645,4859011.609,4587589.392,9446601.001,4711093.301,4648531.949,9359625.25,4589113.372,4636680.687,9225794.059,4616265.75,4491408.935,9108820.16,4391409,4249556,8640965,4463378.3,4417266.578,8880644.878,4869821.217,5075503.107,9945324.324,5163417.067,5136511.53,10299928.6,5285015.733,5428052.245,10713067.98,6288106.254,6115658.73,12403764.98,6202439.995,6566159.623,12768599.62,6173543.689,6679611.65,12853155.34
67,2448512,2541118,4989630,2805573.58,2928182.194,5733755.774,3031923.685,3031923.685,6063847.369,2945381.497,2820359.061,5765740.558,3018245.883,3175999.535,6194245.418,3492260.651,3491765.828,6983927.515,3236861.816,3368796.423,6606650.228,3903579.501,3658538.75,7561113.985,3558407.675,3612077.455,7169472.493,3740778.689,3672131.148,7411885.246,3802499,3653900,7456399,4013896.436,3910760.135,7924656.571,4096624.547,4156159.557,8252784.104,4261096.932,4244597.04,8505693.972,4363872.521,4113435.073,8477307.594,4595248.893,4370516.613,8965765.505,3972734.982,3866381.787,7840224.614,4759131.483,4514471.907,9272486.223,4755598.975,4586848.262,9342447.237,4466208.477,4469644.903,8936998.855,4003493,3938648,7942141,4257649.075,4319131.373,8576780.448,4493544.348,4405222.125,8897556.579,4898030.638,5010544.7,9908575.337,4936593.46,5031951.135,9969767.13,5263152.914,5281708.216,10544861.13,6224047.101,5998372.876,12221219.58,5932038.835,6337378.641,12269417.48
68,2384722,2500805,4885527,2560356.352,2800421.958,5360778.31,2726605.684,2851567.06,5578172.745,2876435.3,2974798.54,5851233.841,2828297.609,2918442.553,5746740.162,3014063.999,3075422.013,6089486.012,3454107.522,3338044.747,6792152.269,3171470.045,3238755.825,6410225.869,3592837.345,3703214.817,7295039.525,3534836.066,3490778.689,7024590.164,3250263,3253048,6503311,4088617.633,4021263.315,8110933.359,3895437.273,3982686.856,7878124.129,4072379.425,4216753.474,8289132.898,4171870.478,4186479.329,8358349.806,4357051.249,4180685.937,8537737.185,4520010.799,4316167.175,8836177.974,3950302.564,3795016.349,7745318.914,4501906.627,4326360.582,8828267.209,4476517.755,4504009.164,8981672.394,3904424,3836444,7740868,3889937.645,3950237.59,7840175.234,4260034.908,4158403.857,8418438.765,4254743.717,4368480.758,8623224.476,4651742.971,4802114.689,9453857.659,5019533.482,5018819.817,10038353.3,5062064.923,5260130.067,10322194.99,6082524.272,5911407.767,11993932.04
69,2212320,2379127,4591447,2441869.036,2554174.405,4996043.441,2479903.587,2600356.047,5080259.635,2537220.016,2632825.408,5170045.423,2771957.019,2931320.402,5703277.421,2721128.963,2847506.68,5568635.643,2889665.483,2974976.582,5864642.064,3250807.009,3245785.682,6495588.426,3101708.227,3221199.435,6321895.025,3435450.82,3452868.852,6888319.672,2908551,2883541,5792092,3450856.427,3438227.492,6889083.92,3853352.18,3713752.847,7567105.026,3901193.052,3948630.24,7849823.292,3905780.69,3946476.775,7852257.465,4120478.735,4109412.373,8229891.108,4287363.185,4136696.158,8424059.343,4453027.721,4234062.986,8687090.707,3705720.373,3693262.267,7398982.64,4308132.875,4199312.715,8507445.59,3884879,3831018,7715897,3802443.606,3638096.697,7441722.655,3749459.864,3800275.39,7550945.147,4117770.077,3989357.288,8108350.344,4097934.938,4322881.247,8420816.185,4509392.445,4641744.946,9151137.391,4857997.805,5002045.182,9858842.592,4980582.524,5175970.874,10157766.99
70,2108722,2343635,4452357,2211076.351,2521204.022,4732280.372,2387792.883,2637071.503,5024864.386,2504125.842,2743139.321,5247265.163,2726884.547,2873370.081,5600254.628,2859778.283,3065129.701,5924907.983,2636708.154,3086079.408,5722787.562,3022838.77,3085103.223,6107941.992,3536129.653,3406512.072,6942641.725,3253073.77,3273565.574,6526639.344,3221942,3277390,6499332,3317200.201,3428755.791,6745955.992,3673720.685,3714779.312,7388499.997,4261096.932,4251815.743,8512912.674,3941259.328,3982998.903,7923214.741,4157237.631,4240041.88,8397356.898,4143343.233,4169931.532,8314382.61,4186024.804,4111174.614,8297199.419,4508701.958,4414699.882,8923401.84,3831615.12,3820160.367,7651775.487,3724605,3664807,7389412,3847372.977,3820178.884,7667551.862,3818423.792,3681705.83,7500129.621,3682389.575,3733754.691,7416144.266,4042920.895,3998909.66,8041830.555,4089757.162,4247801.619,8337493.903,4477472.649,4580706.603,9058179.253,4637135.922,4958737.864,9595873.786
71,1741629,1990967,3732596,2088467.737,2293502.31,4381970.046,2090204.452,2263475.638,4353680.09,2133654.948,2289932.992,4423587.94,2174746.767,2514400.037,4689146.804,2472826.935,2681048.325,5153875.26,2597028.573,2763682.813,5361703.376,2560876.698,2698461.054,5259337.753,2692602.734,2744247.24,5436849.974,3008196.721,3065573.77,6074795.082,2469891,2575852,5045743,3278260.985,3288785.098,6567046.083,3130720.338,3101979.299,6232699.636,3405165.07,3190666.483,6595831.552,3721083.072,3733604.945,7454688.017,3549825.9,3666216.172,7216042.072,3810989.497,3689126.461,7500115.959,3882155.376,3879921.042,7762076.419,3804252.669,3932231.399,7736484.068,4151202.749,4065292.096,8216494.845,3116177,3149541,6265718,3642826.104,3580161.455,7222987.559,3663557.428,3795435.816,7460203.137,3623686.587,3637139.355,7260825.941,3573467.728,3698166.225,7271633.953,3858529.557,3907967.109,7766431.788,3898882.35,4123356.18,8023438.925,4259708.738,4367718.447,8627427.184
72,1630231,1898892,3529123,1892706.084,2071982.545,3964688.629,1947851.545,2177162.11,4125013.655,1995762.556,2253161.688,4248924.244,2153820.262,2313183.645,4467003.907,2174745.744,2416318.183,4591063.927,2226024.491,2726979.201,4952011.702,2586987.598,2666324.563,5253312.161,2465771.966,2701716.471,5167488.437,2546106.557,2736680.328,5282786.885,2608469,2751350,5359819,2729954.734,2746793.314,5476748.047,3178964.225,3365780.98,6545771.67,3127760.647,3059698.595,6187459.242,3247338.901,3306817.795,6555200.185,3739733.963,3803965.297,7543699.26,3376713.95,3747842.288,7125664.084,3715697.491,3762618.506,7478315.997,3855217.65,3806517.779,7661735.429,3733104.238,3739977.09,7473081.329,3449237,3443988,6893225,3076479.56,3080026.615,6156506.175,3433677.668,3465134.898,6898812.567,3509949.545,3650592.123,7160541.669,3487890.327,3483000.19,6970890.518,3440386.484,3618802.846,7059189.33,3716422.338,3822057.082,7538479.42,3547330.097,3991504.854,7537621.359
73,1506451,1794985,3301436,1620700.419,2008102.427,3628802.846,1808075.161,1980702.216,3788777.377,1834888.098,2088610.1,3923498.198,2005724.998,2065285.05,4071010.047,2025111.361,2308248.907,4333360.268,2130793.497,2391686.742,4522480.239,2124021.262,2532757.268,4656778.53,2445519.219,2715893.394,5161412.613,2297131.148,2518442.623,4815573.77,2217591,2389305,4606896,2661548.004,2848877.203,5510425.207,2512787.996,2699604.75,5212392.746,3157666.7,3170041.618,6327708.318,2939509.539,3030293.113,5968759.163,3120791.547,3257225.091,6378016.638,3616008.639,3609361.565,7225370.204,3154879.65,3501201.424,6656081.074,3481474.458,3534704.549,7016179.007,3536082.474,3585337.915,7121420.389,3149307,3194562,6343869,3353149.897,3473749.787,6826899.684,2849299.122,2969078.576,5818377.698,3298374.19,3414557.188,6711708.399,3497670.602,3435321.353,6932991.955,3324902.439,3451221.223,6776123.662,3357504.29,3627593.122,6985097.412,3611650.485,3654126.214,7265776.699
74,1357171,1677897,3035068,1508395.05,1804098.178,3312493.228,1529810.655,1842214.093,3372024.748,1664820.815,1866143.707,3530964.522,1620999.256,2086211.555,3707210.81,1840047.673,2177516.751,4017564.424,1953227.372,2218088.575,4171315.947,1930198.045,2176243.061,4105436.841,2176157.682,2503239.548,4679397.23,2251024.59,2509221.311,4760245.902,1918261,2144098,4062359,2280575.138,2532101.422,4811624.149,2604143.442,2777616.142,5382786.05,2377015.592,2467764.994,4843749.344,2945770.475,3104380.858,6050151.333,2769221.731,2903333.659,5672632.777,2934683.482,3118585.882,6053269.365,3367141.383,3569348.612,6936489.995,3100935.936,3277614.536,6377417.916,3371134.021,3384879.725,6756013.746,2964127,3116046,6080173,3100126.597,3109585.412,6209712.009,3162661.531,3310268.534,6471720.172,2699114.511,2877669.436,5576783.947,3157806.069,3240938.401,6398744.47,3214478.931,3379205.892,6593684.822,3209855.728,3211056.123,6420911.85,3108009.709,3416262.136,6524271.845
75,1209315,1527597,2736912,1358997.999,1685610.862,3044608.861,1395187.317,1672163.562,3067350.879,1486479.987,1757668.359,3244148.346,1464855.335,1677339.846,3142195.181,1614408.524,2022637.247,3636946.807,1710189.939,2034570.513,3744760.452,1780562.504,2099918.893,3881485.663,1987807.133,2125525.814,4113332.947,1990778.689,2326844.262,4317622.951,1886692,2170574,4057266,2018524.742,2218482.875,4238060.028,2339315.295,2431697.207,4771012.502,2453327.59,2731763.255,5185090.845,2317589.878,2431330.218,4747876.607,2854966.692,3077377.357,5932344.049,2652182.807,2727516.321,5380806.974,2680083.668,2904634.238,5584717.907,3060163.951,3291205.197,6351369.148,3025200.458,3180985.109,6207331.042,2690547,2941930,5632477,2818726.852,3012632.559,5831359.411,2860188.163,2976337.936,5835316.206,3003636.266,3201758.854,6205395.12,2635783.928,2803271.125,5439055.053,2991555.797,3219734.104,6211289.9,3039399.664,3375510.212,6414909.876,3114077.67,3109223.301,6223300.971
76,1140595,1473437,2614032,1166327.32,1483667.262,2649994.583,1187777.199,1438988.211,2626765.41,1256659.334,1521412.727,2778072.061,1282955.717,1590414.364,2873370.081,1395004.141,1685860.921,3080766.098,1498896.17,1999850.88,3498747.05,1597786.207,1906095.676,3503881.883,1667813.728,2007047.243,3674860.971,1661885.246,1972336.066,3635245.902,1627531,1947880,3575411,1933279.432,2249002.801,4182282.233,1866114.614,2146339.746,4012454.361,2063517.657,2236766.516,4300284.173,2265415.409,2461591.41,4727006.819,2173108.524,2459982.684,4633091.208,2669908.34,2951301.169,5620101.663,2530383.289,2528148.954,5058532.243,2575430.357,2822327.375,5396625.177,2972508.591,2994272.623,5966781.214,2454168,2721332,5175500,2516044.774,2897944.428,5413989.202,2689593.184,2925522.411,5615115.595,2691776.637,2759040.479,5450817.116,2753147.22,3066115.998,5819263.217,2484334.3,2715561.905,5199896.204,2884548.734,3103020.589,5987569.323,2929611.65,3108009.709,6036407.767
77,906767,1216296,2123063,1120993.043,1411544.548,2532537.591,1000335.135,1352030.553,2352365.689,1064529.267,1252982.203,2317511.471,1123592.334,1558219.741,2681812.076,1182428.312,1549784.68,2732212.992,1245938.842,1623886.85,2869825.692,1383877.683,1673106.11,3056983.792,1505791.751,1866290.65,3372082.401,1455942.623,1891393.443,3347336.066,1354234,1671492,3025726,1561778.267,1921702.908,3482428.764,1713171.227,2017005.07,3730176.298,1763425.884,1998549.335,3761975.219,1916889.962,1990977.707,3906824.179,2141844.116,2457351.521,4599195.637,1949808.58,2118201.139,4068009.719,2483462.274,2680083.668,5163545.942,2339858.891,2393088.982,4732947.873,2416953.036,2516609.393,4933562.428,2420196,2662187,5082383,2346968.457,2608268.22,4954054.325,2372601.095,2718630.627,5092441.616,2467971.492,2833642.194,5301613.686,2649231.805,2798380.988,5447612.793,2670017.073,2903839.825,5573856.898,2273547.774,2514827.132,4788374.906,2520631.068,2986650.485,5507281.553
78,774071,1072250,1846321,945837.8798,1246692.63,2192530.51,1020947.321,1368133.823,2389081.144,906412.6578,1225403.725,2131816.383,983545.7252,1387588.241,2371133.966,1066144.978,1438053.716,2504198.694,1169555.648,1450288.684,2619844.332,1149883.851,1470244.505,2620128.355,1339719.224,1617181.86,2956901.085,1263319.672,1784836.066,3048155.738,1254407,1584329,2838736,1451275.088,1812252.14,3263527.228,1541751.458,1944126.006,3485877.465,1612864.376,1922237.338,3535101.714,1640365.28,1833410.813,3473776.093,1845219.175,2152600.93,3997742.717,1987475.337,2233417.101,4220892.438,1713734.201,2005314.792,3719048.992,2322870.564,2535790.928,4858661.492,2065292.096,2225658.648,4290950.745,1983724,2271134,4254858,2315044.957,2544421.219,4859466.176,2205635.796,2459713.425,4665349.221,2207476.979,2595161.302,4802638.281,2341153.164,2492747.416,4832678.046,2387665.071,2637253.341,5024918.412,2475214.103,2708090.696,5184505.194,2174757.282,2473300.971,4648058.252
79,658356,955240,1613596,751106.5516,1048870.329,1799976.88,837370.0425,1086004.532,1923374.575,821838.6573,1157376.812,1979215.469,845108.8473,1142909.108,1988017.955,876429.9571,1244380.113,2120810.07,919574.2885,1287602.402,2207176.69,1015312.291,1289476.738,2304789.029,966056.0393,1300226.367,2265269.769,1075819.672,1408811.475,2484631.148,1052947,1378244,2431191,1223954.262,1575459.613,2798361.464,1167091.483,1640292.164,2807383.647,1422084.383,1709801.237,3131885.62,1368014.556,1767670.983,3135685.539,1485059.384,1807918.569,3292977.953,1654013.756,1913249.669,3566155.579,1842208.407,2075696.313,3917904.721,1645602.599,1919680.939,3565283.538,2115693.013,2290950.745,4407789.233,1730224,1976691,3706915,1778257.209,2197992.122,3976249.331,2122153.147,2381070.349,4503223.496,1924968.845,2307761.252,4232730.096,2064860.415,2473186.867,4538047.282,2156437.466,2514243.37,4670745.715,2223131.192,2349172.647,4572303.84,2336165.049,2617718.447,4955097.087
80,586258,908523,1494781,649104.4273,945837.8798,1594942.307,677625.6036,991317.3041,1668942.908,776793.8092,1119686.224,1896480.034,820962.8803,1204078.891,2025041.771,810222.6805,1189751.687,1999974.368,842199.1056,1328273.972,2171465.067,916894.2846,1257340.246,2174234.53,930613.7318,1386300.543,2316914.275,974385.2459,1345286.885,2319672.131,958077,1352135,2310212,1073459.456,1511262.528,2584721.984,1228679.424,1615656.987,2843309.946,1251929.253,1638645.456,2890574.709,1347144.769,1785410.302,3132555.071,1492798.099,1930112.877,3422988.363,1389238.613,1804680.782,3195027.241,1579674.159,2001963.291,3581637.449,1774713.883,1936669.266,3711383.149,1579610.538,1841924.399,3420389.462,1716514,2020745,3737259,1599722.077,1870480.655,3471385.083,1711999.26,2074967.301,3786966.561,2038705.886,2345673.599,4384379.485,1852139.448,2171220.898,4023360.346,1867532.717,2298716.405,4166249.122,2003458.942,2355174.621,4357433.168,2014563.107,2308252.427,4321601.942
81,469224,766961,1236185,533708.0847,834562.8351,1368270.92,580361.8525,853473.3125,1433835.165,563520.2426,842982.1574,1406502.4,606868.6389,949741.3713,1556610.01,677214.3402,1009042.439,1686256.779,700344.6037,1051508.895,1750861.509,631682.919,925932.6729,1557615.592,754414.8315,1122002.192,1876417.024,685450.8197,1042008.197,1727459.016,715350,1025520,1740870,887182.6679,1155547.532,2042730.2,988486.4542,1223547.096,2212033.55,985868.5059,1202429.579,2188298.085,1021576.087,1417058.556,2438634.644,1158176.068,1531878.609,2690054.678,1145512.541,1543229.177,2688741.718,1183079.869,1536104.645,2719184.514,1248075.749,1678446.697,2926522.446,1454753.723,1715922.108,3170675.83,1257795,1558898,2816693,1650563.207,1861021.84,3511585.047,1508737.157,1649084.8,3159031.85,1550737.29,1851590.109,3402327.399,1799570.474,2189558.912,3987906.852,1618852.749,2039655.848,3658508.596,1668548.789,2049073.944,3716422.338,1894417.476,2157766.99,4052184.466
82,380639,648619,1029258,442009.2053,727409.0884,1169418.294,485030.4938,727223.6754,1212254.169,529506.7859,795179.4615,1324686.247,481309.6102,819353.1491,1300662.759,537575.3757,853767.0777,1391441.418,592217.7457,960245.859,1552463.605,578456.8542,904843.1001,1483299.954,600493.9532,992384.6106,1592878.564,652663.9344,947745.9016,1599385.246,612890,933189,1546079,649337.7297,1014524.427,1662809.745,742134.6899,1131165.184,1873299.874,839431.9705,1209648.282,2049080.252,833748.0019,1208360.684,2042108.686,973685.1055,1325409.697,2299094.802,1048022.112,1388130.768,2436152.879,1068011.666,1319374.244,2387385.911,1097445.917,1340945.27,2438391.187,1142038.946,1573883.162,2715922.108,1212683,1545235,2757918,1163434.238,1527598.613,2689850.499,1397426.958,1793062.123,3190489.081,1308587.461,1595987.511,2904574.972,1366793.335,1726218.417,3093011.752,1547096.932,1927480.615,3474577.547,1534104.57,1925433.279,3459537.849,1530339.806,1888349.515,3418689.32
83,304110,548545,852655,350310.3258,633649.56,983959.8858,358780.8567,622230.3546,981011.2113,442174.9375,617757.9169,1059932.854,387945.2042,658380.0354,1046325.24,414463.4892,696512.4252,1110975.914,433499.4219,844183.0847,1276690.517,496107.0937,854629.8315,1350736.925,521508.2393,797958.2379,1318453.84,515368.8525,882172.1311,1397540.984,507775,796853,1304628,563040.0087,879815.7893,1442855.798,617932.3421,953586.6209,1571518.963,692995.4351,985868.5059,1678863.941,760703.7464,1050793.79,1812541.025,813493.7076,1159027.327,1972521.034,800972.5019,1194257.755,1996338.103,954060.6306,1241172.553,2195233.184,954743.9715,1308101.171,2262845.142,910652.921,1271477.663,2182130.584,964710,1272428,2237138,1033375.532,1440104.575,2472297.755,987273.0716,1361130.154,2348403.226,1254776.388,1622893.048,2877669.436,1174855.452,1434032.721,2608888.173,1222703.547,1600946.234,2823649.78,1398459.956,1724967.345,3123427.301,1349514.563,1830097.087,3179611.65
84,253723,486088,739811,255520.473,514131.9194,769652.3924,337524.5402,547511.1816,885035.7218,334618.8716,558004.5469,892623.4186,325165.6898,556966.9737,882132.6635,361418.4963,609621.56,971040.0563,351164.2914,674552.8761,1025717.168,409740.2718,699972.9643,1109713.236,446573.0748,802008.7874,1249594.499,435450.8197,716188.5246,1151639.344,409776,677593,1087369,485161.5776,776679.4887,1261841.066,524523.9648,830410.7388,1354934.704,494996.7394,837369.4841,1332366.224,613571.7461,884878.9807,1498450.727,679536.5531,1016712.36,1696248.913,716776.2223,960502.2949,1677278.517,746267.5659,997630.1442,1743897.71,810909.4704,1087252.921,1897029.837,844215.3494,1174112.257,2019473.081,765800,1058390,1824190,847746.2891,1151610.719,1999357.008,961865.3087,1249819.955,2211685.263,889105.6863,1158161.052,2047266.738,1125954.08,1407136.967,2533091.048,992449.1221,1315739.57,2308188.692,1135573.492,1410463.904,2546037.397,1294902.913,1582524.272,2877427.184
85,197370,396366,593736,233883.6587,529586.7867,763470.4454,215139.6878,407090.6668,622230.3546,275784.7843,454125.6115,729910.3958,239849.9395,465212.2988,705062.2383,259485.0212,505115.0069,764600.0281,296604.8676,538650.3114,836247.1685,291236.9579,516192.4012,807429.3591,358473.6247,575178.0192,933651.6439,379098.3607,608606.5574,986680.3279,325809,572474,898283,376763.2208,657757.0195,1033467.829,409559.8081,674387.9547,1083947.763,432090.9038,694026.6783,1127148.825,434091.5755,681398.5547,1115490.13,531262.7761,871379.2949,1402564.684,592697.4945,884060.9358,1476758.43,633433.6974,850164.0983,1483597.796,687460.9617,943418.4202,1630879.382,679266.8958,936998.8545,1616265.75,672819,975341,1648160,703499.3613,949428.5497,1652927.911,690849.1714,973964.2434,1664813.415,829179.7184,1169167.863,1998347.581,804427.5624,1106393.532,1910821.094,941324.7246,1269870.345,2211195.07,871486.6336,1212398.76,2082684.999,947815.534,1254854.369,2202669.903
86,150705,317114,467819,130851.2099,335885.783,466736.993,206121.8566,372951.7343,579073.5909,170067.2837,333699.589,503766.8727,193167.7365,392774.3976,585942.1342,211487.2198,422281.6878,633768.9075,202365.8628,437467.38,638841.2533,215917.055,494098.563,709011.3526,250121.4274,449610.9869,699732.4142,311475.4098,538934.4262,851434.4262,275077,496960,772037,274679.3314,500947.7461,775627.0774,318204.3622,588164.8372,905342.7338,367122.5817,589871.1144,956993.6961,345394.9795,605223.8312,950618.8107,380822.159,649278.178,1030177.724,416550.0148,714560.5308,1130002.7,496022.1546,769728.0732,1266867.395,527770.6889,801849.0294,1329619.718,552119.1294,706758.3047,1260022.91,530641,813574,1344215,494223.0807,851293.3447,1346698.777,545661.955,842085.8552,1386537.917,616381.3836,808389.0765,1424770.46,666281.1877,1061159.763,1727440.951,641974.5089,961047.8424,1603022.351,861883.4751,1155980.204,2017863.679,746359.2233,1055825.243,1802184.466
87,113341,248933,362274,124669.263,301885.0749,426554.3379,135267.4684,282129.2912,417396.7596,170067.2837,326345.3281,496412.6118,133607.6844,291361.3359,424969.0204,150129.2056,330442.5956,480571.8012,169630.2086,327356.5428,496986.7514,172733.644,372582.453,545316.097,172148.3508,403029.6684,575178.0192,238729.5082,330942.623,569672.1311,200168,382991,583159,257840.7517,416754.8476,675648.0105,190922.6173,419824.465,610747.0823,239248.424,438278.363,677526.787,270263.7453,490440.0011,760703.7464,284939.4817,530024.5818,814964.0634,340108.6557,532873.8222,872982.4779,412234.6285,617793.3592,1030027.988,368080.416,658014.5284,1026094.944,445589.9198,612829.3242,1058419.244,408984,656292,1065276,411458.4499,662117.0459,1073575.496,439191.3297,736825.1233,1176016.453,441495.3958,741125.235,1182620.631,566033.376,764083.9308,1330117.307,573851.8981,895520.3786,1469372.277,549780.824,809066.1034,1358846.927,759708.7379,1002427.184,1760922.33
88,84378,193412,277790,100971.7998,222550.0894,323521.8892,99196.14349,211274.903,310471.0465,114910.3268,214192.8492,329103.176,106242.2551,235020.7461,341263.0012,108366.1702,245827.9148,354194.085,121022.7219,248989.3705,370012.0923,107456.3948,261108.9967,368565.3915,142781.8674,294677.4711,437459.3386,144467.2131,325819.6721,470286.8852,147017,294228,441245,141023.105,369396.3422,509367.0359,210425.4653,368501.1807,578926.6461,177373.8316,393934.9051,572339.9799,224350.2133,411134.8094,636528.5121,221636.794,417503.6675,639063.0743,235971.152,411010.7859,646981.9379,261417.0815,392125.6222,653542.7037,381671.0776,550421.7914,932092.8689,313860.252,521191.2944,835051.5464,324282,534597,858879,331058.5229,553340.6741,884399.197,343609.7455,537192.7007,880802.4462,384015.3858,627388.194,1011403.58,374095.4925,638162.899,1012258.392,435725.1947,686740.7961,1122530.869,462152.0027,793460.9708,1254412.579,498786.4078,706310.6796,1205097.087
89,59952,145973,205925,62849.79375,153518.3487,216368.1424,80516.35024,177780.1013,258296.4516,68946.19608,172825.1315,241771.3276,85315.7503,196387.1988,281702.9491,87781.54606,203273.163,291054.7091,94239.00475,225181.6219,319420.6266,93396.67959,218929.8511,312326.5307,105314.2852,251134.0647,356448.3499,102459.0164,190573.7705,293032.7869,108870,227104,335974,104188.7119,277836.565,380972.8657,141652.2645,246351.7643,388004.0288,154686.4811,313497.9349,469215.6592,132523.1492,293220.5113,425743.6605,165840.6598,326109.4448,491950.1046,144019.9519,316843.8943,461971.692,163106.3842,358610.6117,521716.9959,172148.3792,318247.9905,490396.3697,266895.7617,449026.3459,715922.1077,263084,452314,715398,253023.2997,461117.2284,714140.5281,229879.7593,445240.797,675120.5563,303298.7761,506313.2794,809612.0554,332529.3267,537915.0873,870444.414,316802.5798,527852.9161,844590.6172,393729.4984,594195.432,987924.9304,394417.4757,651699.0291,1046116.505
90+,125173,348812,473982,139093.8058,418311.742,557405.5479,199036.4178,441229.5993,640266.0171,226143.5231,457802.742,683946.2651,178680.1563,614917.2946,793597.4509,187834.695,555388.9927,743223.6876,227165.6009,570393.9761,797559.5771,475017.5209,1026359.21,1501376.731,229868.6802,707833.5131,940740.1054,261270.4918,691598.3607,952868.8525,285766,685461,971227,329404.7154,841928.985,1171333.7,365421.7837,857098.8466,1221494.165,397028.6347,863150.5643,1261210.442,437222.0435,970445.1086,1408710.642,432826.3229,1048441.091,1481344.801,488559.9908,1072394.719,1559846.864,454686.975,1113815.514,1567385.322,511914.9171,1155206.229,1669386.256,508591.0653,1189003.436,1698739.977,657440,1326780,1984220,613640.6193,1425916.352,2040739.324,665441.4086,1419205.04,2083436.556,772922.6874,1504264.091,2278409.757,839881.0568,1731108.554,2570989.61,894352.5625,1744068.595,2638356.279,917101.6365,1861812.354,2778913.99,959951.4563,1975728.155,2935679.612
Total,581834956,548733533,1130568486,590451145.2,567778854.8,1158230000,596988156.8,570348710.4,1171710000,610423880.2,588076119.8,1198500000,617441353.1,593768646.9,1211210000,622971975.3,600917727.8,1223890000,628273588.9,607985419.1,1236260000,636002264.3,612783648.9,1248780892,640410092.5,618676869.6,1259092025,632637295.1,609127049.2,1241764344,640275969,602336257,1242612226,655517488.4,629010406.7,1284528948,659763898.1,632495837.2,1292271026,663500848.2,636377089.3,1299884125,664876987.6,642681968.9,1307560000,664359540.3,650120614.5,1314479845,669473423.1,651816576.9,1321288892,673362363.7,654659870.7,1328024469,677650769.2,657086965.7,1334743398,677973654.1,656482245.1,1334466208,682329104,650481765,1332810869,694091387.4,659950977.3,1354044729,697325731.2,663397898.5,1360720000,701290365.1,666528411.9,1367823669,704190753.5,670421911.3,1374617555,708283436.4,674426563.6,1382709935,711940958.8,678142642.4,1390081200,711250000,678610436.9,1389864078