1990,1991,1992,1993,1994,1995,1996,1997,1998,1999,2000,2001,2002,2003,2004,2005,2006,2007,2008,2009,2010,2011,2012,2013,2014,2015,2016,2017
-227564.3398,-213036.073,-220058.9792,-232443.275,-207777.6563,-173934.2942,-150732.4113,-124014.2201,-98882.82282,-167364.1393,-216562.6443,-292045.3796,-347703.3436,-406825.4452,-423386.9398,-436147.2222,-429507.1576,-444784.4066,-459171.3718,-419271.4777,-390156.0822,-353374.705,-363467.4851,-321367.556,-340394.6233,-319731.4628,-346399.3714,-411893.568
-228652.3946,-235891.9672,-211458.6735,-215698.726,-188969.5577,-151071.5262,-132086.1827,-105703.9517,-79610.30863,-144402.6639,-180475.3779,-258446.0986,-285700.2998,-343063.6777,-336819.0622,-427402.3738,-404008.7574,-398316.5149,-406859.7831,-394212.3711,-443120.1265,-382403.8081,-315377.1234,-329805.1323,-322555.403,-362856.527,-345574.3401,-355533.4951
-236969.831,-265012.6464,-271269.89,-245310.0141,-208647.716,-177782.2729,-135403.3956,-118455.6113,-88702.98199,-151293.3402,-219968.1627,-264650.6943,-330475.9648,-379569.6872,-377747.8455,-413547.3965,-433403.2296,-429756.9462,-440258.7205,-415835.3952,-441971.7125,-428944.0152,-381564.1037,-320901.8457,-369634.2204,-379524.9491,-402615.301,-374778.3981
-238084.777,-261385.0799,-298389.2139,-301603.48,-236100.8757,-190693.9982,-154110.7309,-118787.0189,-96541.70651,-160372.9508,-226933.0595,-305914.4757,-338210.1784,-409888.2375,-402508.8046,-428944.7383,-411418.2516,-440450.2455,-444392.4335,-429406.1856,-431597.7815,-437246.963,-407306.7651,-379115.643,-356672.9119,-419961.7523,-410666.469,-430202.5485
-209825.1638,-281559.2456,-285550.0767,-330266.0685,-304113.626,-216280.2307,-164332.9845,-133730.4876,-99908.21941,-176097.541,-239021.2274,-313321.346,-379674.8756,-408991.0559,-428733.7793,-463077.6249,-428185.276,-418139.9733,-459207.9534,-429232.646,-430727.1603,-421639.9183,-421093.2592,-388073.7191,-394386.1386,-389722.5795,-442017.6605,-425581.432
-195826.442,-257924.4261,-307771.3655,-313663.8244,-297597.4344,-271592.4022,-185615.5245,-145201.7088,-110866.3733,-177337.1926,-265856.8763,-334554.374,-387590.1578,-472536.2623,-425678.4425,-478991.4795,-455318.6349,-451392.2261,-426065.0867,-449814.433,-416919.4771,-409060.6404,-378346.271,-359364.044,-371306.6473,-354027.11,-348504.6238,-385336.7718
-186749.5644,-226811.9236,-281855.4712,-335590.6453,-290692.4927,-271629.7515,-236333.9649,-158781.8873,-118773.0458,-195585.7582,-258581.198,-362850.7653,-413353.6253,-469287.8462,-474245.5679,-466796.0387,-481791.0531,-473738.0241,-457817.8552,-406707.2165,-418966.501,-389614.2627,-381032.7185,-341913.6022,-367961.7935,-365693.8013,-367025.1553,-362786.8932
-197925.5726,-220335.716,-250098.7277,-307105.9381,-311536.9012,-260957.9698,-229297.9816,-203521.9096,-128761.3969,-210037.1926,-281261.6692,-353404.3221,-444678.4839,-494965.8021,-480833.638,-519776.8594,-463180.3517,-493170.6975,-483059.1113,-427358.4192,-380045.2563,-393796.9507,-362729.45,-346351.5481,-343990.3412,-362304.124,-377921.259,-363313.3495
-215750.3516,-216886.1896,-252168.3199,-273865.8738,-271051.3582,-283402.8303,-221659.6623,-198204.3245,-163680.4747,-229212.7049,-294408.0642,-388742.6073,-442065.9234,-540907.687,-505721.9029,-526257.1819,-526456.7363,-479137.9626,-501496.2027,-452521.6495,-386774.8548,-352344.6401,-363319.8781,-330626.9742,-348840.3792,-346218.2086,-368845.9141,-373491.5049
-177248.1508,-237950.5555,-242195.9513,-273794.7213,-247189.5087,-245102.7224,-240593.9647,-189904.0712,-160085.4096,-289006.3525,-315287.8082,-406969.9489,-481409.5319,-532183.3694,-539362.4347,-544504.9091,-528752.6359,-525534.8025,-487485.4765,-450230.9278,-403241.7475,-367951.6847,-324528.7576,-332462.4209,-327656.305,-339935.5652,-353653.9575,-366852.3058
-188395.8076,-223929.8999,-274358.9481,-272573.2705,-237248.614,-226131.3391,-210171.63,-204696.9001,-155211.6872,-279524.6926,-411497.6908,-463283.632,-516148.826,-601885.0978,-560240.5699,-610405.7232,-562564.9755,-543333.2839,-548613.2141,-460157.3883,-409058.3031,-379219.971,-333001.3996,-304738.9561,-342345.788,-349904.4074,-367963.9841,-385453.7621
-189238.8918,-194631.1806,-246526.7647,-294808.4187,-237526.2926,-205152.1829,-183808.5164,-176045.209,-163748.4227,-267787.0902,-394661.5446,-554806.7852,-549361.9708,-589912.3642,-593244.5733,-581227.5333,-604586.8955,-570759.2873,-534639.0694,-495975.945,-394380.7062,-389583.0486,-355260.5357,-304026.6931,-303573.3576,-340745.3549,-356840.2855,-373111.2864
-184873.8444,-219846.1058,-226367.403,-280850.675,-268589.2744,-213851.5222,-179050.9347,-160913.4405,-147576.8066,-299470.7992,-385846.1987,-532714.9896,-684361.5059,-644795.1276,-629272.0871,-646434.8813,-596272.956,-610193.0485,-581609.7547,-501078.0069,-435807.5197,-371260.3782,-358478.3683,-323586.529,-316339.5496,-310683.7939,-353284.1158,-355094.7816
-189799.4616,-211311.3098,-241521.4175,-252437.1203,-235415.9351,-243893.4154,-182638.7624,-148704.0843,-131188.9924,-259600.9221,-412637.5108,-514831.155,-676032.3528,-818724.6069,-671155.6631,-667284.3025,-650504.8875,-605290.4728,-621703.1122,-525477.6632,-430868.4056,-407468.7218,-343629.1038,-327914.8961,-328631.8874,-320578.8821,-315474.9203,-347665.8981
-200513.5762,-200139.2954,-239467.1556,-266833.6376,-219310.5751,-205951.6581,-207954.335,-151295.0889,-123356.445,-233266.7008,-364084.1932,-553583.0414,-655002.5344,-817084.9302,-848778.9444,-730655.1605,-686752.2722,-664476.6407,-613508.8493,-563413.4021,-449794.54,-402786.6084,-376338.8158,-316628.2681,-333760.6632,-339091.1562,-325346.8472,-314762.3786
-212109.1518,-217275.6522,-222166.8972,-263062.5564,-242543.0197,-190739.4229,-175794.8283,-171947.8063,-123751.7786,-214370.3893,-320740.4182,-477474.766,-687103.401,-757283.1367,-815074.7597,-827678.2612,-693500.8256,-662771.3969,-632202.0115,-534987.6289,-510092.8972,-459096.8255,-397535.1814,-361829.5695,-328715.5087,-316525.4181,-358234.304,-336698.0583
-230178.1566,-226778.5411,-239444.1601,-241989.5653,-222457.5995,-203968.1118,-156048.6816,-139725.9519,-135957.7043,-206731.4549,-318920.7882,-413625.3975,-593154.6922,-798677.239,-750180.6779,-753718.8911,-853135.4207,-666395.0399,-645151.8733,-560150.8591,-531771.7443,-492714.3997,-441492.547,-380512.7741,-369689.968,-335615.6833,-360965.4422,-363576.5777
-240458.6702,-237983.9381,-242609.8697,-248203.548,-210517.4187,-179984.8673,-162840.2387,-127614.5115,-107790.1835,-219541.1885,-315021.2536,-366114.082,-492765.1165,-660696.8979,-770231.3261,-666165.1914,-757890.3735,-810914.4461,-639189.0838,-558866.6667,-587942.9427,-484380.2379,-468563.6714,-403935.2667,-364226.7067,-372456.5989,-329984.0924,-353281.432
-240060.8196,-246607.754,-257058.6898,-259042.4416,-226622.7788,-168189.5808,-148942.8622,-133572.3158,-99197.8543,-179872.3361,-362676.7039,-358707.2118,-453499.1088,-544496.4133,-639997.5925,-667877.3357,-687552.3584,-732402.1826,-781710.727,-560532.646,-587374.2542,-543437.2948,-425993.8117,-386840.9563,-361355.7072,-351933.3972,-353028.0716,-330936.2864
-254745.7276,-248911.1474,-259657.1779,-261852.9644,-220402.7777,-178468.691,-137865.1168,-118131.7357,-101674.8665,-160049.0779,-300230.1266,-383396.7793,-393565.4198,-478507.1605,-501807.2525,-536307.6598,-661288.6584,-641633.4798,-695305.1517,-684127.4914,-609680.0878,-529609.4533,-448430.0762,-349310.1788,-379947.5197,-377834.626,-349215.8578,-348455.5825
-255153.437,-258747.8614,-280805.3448,-284277.8525,-251465.7594,-184171.0079,-155996.3045,-119171.1504,-96862.91508,-176957.4795,-288782.8013,-326224.3286,-462604.27,-470061.2786,-481374.6873,-470987.9226,-576931.7412,-668029.2318,-639152.5023,-666252.921,-793162.7982,-595564.824,-516034.0837,-455026.4347,-433688.171,-517533.8846,-411633.7471,-418737.5
-266125.6542,-271544.4915,-278766.4131,-292697.562,-250262.4854,-200359.3699,-157820.7717,-130777.9474,-96010.47696,-165811.7828,-297119.7054,-317808.4065,-389556.0449,-526552.7815,-471922.2389,-458699.2225,-491774.7377,-583761.7707,-658943.1103,-612282.1306,-751553.1667,-734155.3805,-544758.4066,-468888.1672,-464516.5736,-458899.391,-443809.97,-409407.5243
-240610.3644,-270287.0835,-309358.0529,-311885.0126,-268885.4649,-219593.2072,-183520.4427,-139304.1604,-112904.8123,-170681.0451,-295655.9787,-355873.2788,-402799.9157,-482219.636,-559667.6943,-475825.4474,-496992.6914,-508944.202,-593645.0782,-652994.5017,-692619.6336,-697572.4678,-681324.4061,-495324.0799,-474829.8729,-454746.5848,-431975.0374,-434443.4466
-223667.017,-298428.5423,-292057.7946,-343725.7449,-295227.9101,-232009.2983,-199251.0157,-162080.899,-119205.442,-200052.9713,-281519.1335,-350141.0053,-438961.8912,-480672.7712,-516065.4912,-563943.4851,-502732.4404,-513988.8814,-531127.2425,-586355.3265,-727195.5265,-651937.4692,-644156.9626,-633777.036,-498689.8301,-447125.8316,-464378.8551,-418094.0534
-246903.0326,-240020.2714,-323308.6378,-329044.6177,-311092.6154,-254677.2447,-208984.4169,-174418.2991,-134184.8801,-212650.5123,-321721.2129,-349733.0907,-448325.7218,-533915.858,-504480.6723,-509623.5572,-580897.3859,-517612.5243,-536065.7491,-523776.9759,-641243.1344,-709589.8922,-617262.9666,-615422.5681,-658824.7066,-462012.1142,-498603.4316,-459830.3398
-240302.0172,-267115.7448,-260737.965,-359094.6793,-298023.2083,-264956.3549,-220542.2853,-182206.3771,-142499.2404,-239420.2869,-331845.1695,-405188.0062,-432314.0888,-543784.8555,-543849.9607,-504271.9108,-511046.3798,-588664.3464,-541626.1418,-518813.7457,-564123.2289,-598904.7315,-621632.1339,-543429.2225,-585823.272,-645835.8802,-495730.0466,-478841.2621
-247817.3922,-258992.6665,-281265.2542,-288547.001,-314165.5921,-257312.8881,-235364.9895,-188819.4646,-147237.0668,-246333.2992,-359128.4411,-416545.2073,-485263.7053,-500843.8884,-554702.7719,-534798.773,-499845.1727,-527488.7276,-615923.2304,-504930.5842,-557769.7091,-531919.2959,-558043.0369,-578110.9484,-559984.2763,-612101.6671,-648417.7459,-515079.0049
-264863.2672,-257779.7685,-277011.0923,-310722.8555,-255427.3077,-269033.4762,-224182.49,-202143.5554,-151913.1223,-254966.1885,-370997.8295,-459934.4385,-502232.4148,-596007.0115,-515142.5248,-530936.8834,-534979.3939,-523047.9887,-537346.1027,-582329.2096,-551307.6588,-527018.6838,-492269.3562,-520636.8087,-603495.2497,-579669.4393,-633993.9218,-663715.1699
-156095.0076,-298428.5423,-280291.7793,-306311.4021,-289248.5638,-224414.2845,-238717.1205,-194347.9454,-164248.7668,-272701.0246,-389366.1387,-484087.2762,-565554.6723,-606185.382,-603269.8973,-512041.124,-533657.5123,-548164.8078,-543638.1259,-511004.4674,-631716.7601,-527580.5374,-492476.006,-461108.0644,-533002.4555,-616408.0022,-601846.1484,-652835.0728
-112744.0608,-239230.2186,-320602.8376,-308789.88,-280122.1931,-253954.4869,-193603.0242,-202610.5388,-154995.4891,-284963.5246,-395017.9817,-498214.0027,-582885.5189,-657943.4785,-599323.4206,-572946.5899,-498453.7184,-539389.9078,-556953.8031,-502743.9863,-553774.6547,-600715.1487,-490586.6363,-448150.358,-472878.7082,-544691.9431,-654477.4589,-634760.0728
-141542.5662,-131093.1301,-276804.1331,-362403.2694,-282584.2769,-252604.8679,-227351.3014,-172294.2779,-166169.8411,-281624.2828,-439793.8008,-536343.2825,-635550.5991,-713785.2982,-689678.6428,-602411.7313,-587611.153,-523154.5664,-571110.8554,-530128.5223,-535672.8427,-520401.2969,-547533.4182,-430371.1794,-448154.6637,-475465.4605,-547308.7309,-629787.9854
-140910.5348,-142665.7348,-147799.5485,-298033.9976,-318738.0334,-244046.85,-214580.0314,-188736.6127,-134716.1096,-287990.0615,-392788.6602,-557490.4338,-621996.325,-720344.005,-695916.6223,-664307.1802,-582880.2083,-582269.6824,-529444.4921,-522735.7388,-562220.7614,-500049.7107,-487162.1539,-500803.0255,-447597.1881,-459919.9067,-476441.3825,-549298.665
-186791.5868,-139939.4962,-174995.5239,-165975.0052,-226178.493,-287874.642,-216273.556,-187493.8343,-156508.8757,-235343.9549,-435180.7012,-533659.6339,-694423.7437,-774546.148,-749639.6287,-698595.4988,-654505.3187,-609518.0562,-607253.4076,-504757.0447,-551138.9342,-524833.6976,-463013.6481,-445739.6219,-518591.7103,-454590.0455,-465431.4813,-483374.6359
-179832.7734,-178195.8565,-163306.1601,-192574.1718,-129694.428,-198571.6547,-248354.4972,-185543.0488,-149714.079,-265464.1393,-341264.3374,-567366.2608,-635886.8693,-836327.9285,-770963.3338,-729241.9241,-697327.3249,-664547.6925,-615447.6705,-572472.1649,-514479.2274,-526800.1852,-486719.3329,-431987.4684,-447374.1978,-523924.9015,-462614.995,-470125.4854
-172904.4674,-207383.3008,-204897.2995,-182778.8479,-164904.0772,-118083.0826,-174494.1316,-213343.625,-151579.5595,-262861.9877,-389806.979,-464807.9444,-710228.4412,-775659.8906,-847824.1517,-762989.8174,-726687.0107,-702524.8914,-677416.7833,-602633.3333,-585499.3792,-492090.1179,-483147.2434,-456012.6449,-439179.306,-453828.4217,-539598.9551,-469248.0583
-189895.237,-195799.5686,-231319.0941,-229134.6849,-155962.8256,-152123.3609,-103872.4134,-151121.8532,-174150.6387,-267898.7705,-389346.3253,-527369.1615,-571116.0634,-859190.5904,-787353.943,-840222.8264,-776048.8522,-750520.3973,-737227.5858,-651224.3986,-599578.4028,-550554.1072,-449669.975,-435192.6515,-450133.7022,-437936.6753,-463866.7667,-540933.8592
-179640.8306,-199727.5777,-216264.7267,-255982.8852,-204278.9057,-141290.0691,-133570.199,-87868.19872,-121077.0996,-308974.7951,-379074.1136,-525522.8112,-649958.482,-677031.7903,-871216.5745,-777710.4317,-847569.6035,-785051.5828,-769382.7511,-702661.512,-648267.534,-558014.2745,-500535.3484,-414345.2634,-443053.7617,-465580.9086,-441164.1798,-466498.7864
-168816.2112,-203599.9492,-219614.4001,-238479.3765,-221735.635,-182850.6626,-122387.6995,-115668.7749,-73513.52289,-213677.9713,-437499.1673,-522710.3474,-633843.3814,-762356.8532,-682390.3914,-857616.8727,-787632.7093,-870171.6658,-787819.8426,-730289.0034,-678922.8864,-612264.3617,-515709.3483,-462724.3533,-417939.4843,-454829.37,-477835.401,-449886.165
-165495.5106,-190413.8565,-227011.2762,-245559.0477,-202409.203,-205750.7799,-162944.9928,-104544.0252,-96362.57097,-130241.5984,-328492.8584,-592571.0888,-651588.0989,-762480.6024,-787003.8523,-692789.5125,-861171.0693,-811234.1793,-883517.1266,-763747.4227,-699872.018,-647661.139,-566338.5505,-473874.0077,-480153.7652,-426820.8818,-472686.0674,-485334.2233
-142399.9682,-191571.1169,-204751.6616,-244041.1283,-218070.2772,-185441.8908,-172521.2628,-136863.7956,-84990.55217,-166258.5041,-179200.0669,-410855.8721,-734207.0901,-751992.859,-773159.3572,-780799.9434,-691552.7895,-882428.1051,-820304.2417,-832503.7801,-713493.7985,-655995.3009,-596745.5932,-524170.7286,-488571.6473,-484038.996,-434194.0873,-471851.0922
-150352.6486,-162962.3029,-213888.5282,-231352.2704,-222531.6471,-204730.2377,-165502.7385,-153170.5545,-115641.2622,-154163.5246,-230550.1982,-257479.9851,-568012.0312,-909649.3205,-786717.4145,-799540.2707,-814000.7684,-725971.9927,-905868.4417,-788875.945,-775341.2977,-659990.7043,-610295.9161,-538443.382,-522744.9038,-494764.9465,-487565.0811,-438801.335
-127501.9004,-152535.8312,-172803.2891,-222861.4084,-199132.5953,-196383.1925,-171185.6481,-137285.587,-123683.8307,-197316.8033,-205038.6559,-318323.667,-309342.6787,-654200.0657,-888784.7614,-765634.5541,-798033.8302,-817593.3174,-741873.4402,-841041.9244,-706263.2051,-717736.7695,-615048.8616,-558304.5599,-551064.6661,-530397.1983,-509840.9277,-492470.6311
-121445.4122,-159468.2665,-170381.0996,-194222.5375,-199632.4168,-183513.8636,-170478.558,-147958.4173,-113275.4376,-221640.7787,-269034.9017,-295072.5352,-396255.5811,-381333.1131,-671282.9688,-906632.9795,-794520.4081,-833651.0292,-841667.8556,-700197.2509,-765020.9386,-664766.4599,-669161.589,-561016.638,-567315.0809,-556819.2211,-538176.4873,-502063.835
-117116.8992,-135866.8296,-170289.1178,-184664.3884,-170402.1139,-183215.0699,-154250.403,-145924.7799,-119403.1088,-197551.332,-298275.2568,-383890.5706,-358851.9927,-457129.4888,-379880.216,-678750.408,-926569.4216,-808036.8473,-849642.6292,-787800,-604367.6684,-728131.0612,-613070.9277,-618326.4093,-572611.0995,-575348.0523,-570779.4505,-548128.7621
-107918.2468,-133129.4635,-143660.3639,-187640.9336,-166718.2442,-157762.0832,-158466.7553,-133564.7838,-120570.5784,-211019.9795,-272615.2239,-412745.1608,-461724.7942,-427460.6218,-474913.9229,-377843.4502,-694474.8436,-930352.5591,-820560.3124,-781691.4089,-679544.0714,-581518.4838,-666917.9626,-566687.3467,-628247.1679,-589552.486,-588645.6467,-583927.7913
-102558.078,-123693.3397,-144871.4587,-159749.1637,-160627.8264,-156807.1546,-137140.5677,-137443.7588,-110847.8421,-212706.3525,-292211.1004,-381078.1068,-522641.4267,-554984.1567,-438599.9713,-481652.9551,-401434.567,-714816.8566,-962972.211,-773951.5464,-678140.8442,-629775.4658,-518100.5818,-602519.6511,-565754.1491,-628076.1987,-592315.6138,-586326.0922
-97543.4572,-112487.9427,-134247.5517,-158836.0403,-142856.3947,-150138.8052,-133194.8301,-116135.7583,-110656.3523,-190772.3361,-290660.9138,-405552.9824,-471528.3627,-609928.7948,-577044.9226,-439951.7214,-503219.4494,-398884.9295,-719156.3097,-896956.3574,-660968.5174,-639170.9067,-584907.5115,-478750.2693,-609320.8701,-579896.7223,-633880.1244,-601505.5825
-92566.4978,-110674.1594,-120764.5413,-146562.2384,-138857.8225,-132128.4071,-128061.8796,-113514.6257,-94793.59064,-194055.7377,-262907.4115,-400658.0073,-495429.4108,-567111.5769,-632900.2996,-573931.7903,-606708.8633,-458852.6674,-523701.1918,-382897.5945,-763312.0431,-723448.9478,-592376.4259,-534443.7517,-493393.8116,-624868.6488,-590523.3043,-641925.7282
-94769.5966,-102094.8535,-120327.6274,-133636.2056,-129824.0114,-132090.0484,-112793.9704,-110727.7892,-95201.27844,-168492.1107,-270614.9497,-368132.1858,-505232.9793,-596935.1304,-591876.037,-652487.1677,-463528.2153,-512958.6299,-411176.4037,-664552.2337,-568124.8772,-621753.4449,-572449.4804,-546250.8795,-545350.5409,-496372.4844,-643496.0071,-604898.301
-93624.1922,-103163.0939,-106997.9202,-128477.6512,-114311.0324,-120496.6496,-111554.3803,-94586.73406,-88134.68991,-161378.0738,-226286.0311,-362228.1588,-451636.6895,-588829.5588,-611512.9416,-596137.0575,-686091.3314,-617511.3862,-481486.1055,-487507.2165,-317779.568,-533885.7835,-663995.3439,-526252.728,-552625.5979,-562421.5209,-516213.5836,-650290.534
-90632.3502,-107725.3708,-121515.7267,-131857.3937,-128454.1302,-114586.3883,-109660.0771,-104114.7018,-88715.33617,-171607.9918,-230966.782,-334146.4594,-483892.7577,-575279.0231,-639233.7583,-650956.7594,-631928.9726,-699647.2926,-635165.1155,-458977.3196,-398945.3264,-293474.8677,-483088.2006,-604355.0979,-515218.9827,-550465.834,-558261.7334,-503847.9369
-87636.99,-99735.82255,-111750.3172,-123651.1417,-112589.425,-107701.0097,-93885.85648,-88847.35746,-78621.97457,-142638.1148,-218448.6539,-314630.9665,-392918.7464,-550281.6877,-565873.8472,-632395.7768,-650574.4603,-630087.5587,-705657.7249,-586632.9897,-363338.9456,-376192.2043,-271508.322,-449876.2258,-611968.8794,-539374.1234,-566398.2495,-568719.0534
-90483.5568,-93003.68234,-111696.6611,-125939.8796,-111885.9725,-101861.4092,-94278.68433,-83379.13251,-73840.90855,-135914.959,-189703.5239,-301942.6757,-388133.3634,-478445.2859,-573193.9251,-586043.5368,-658923.1861,-673571.2739,-649212.4232,-643068.0412,-470281.1647,-345883.3236,-345105.1738,-247319.6058,-468697.6409,-624856.6074,-551775.28,-564624.3932
-89161.5662,-101160.1431,-102368.1656,-123034.4869,-115236.6278,-100037.3542,-87652.98791,-79778.84115,-66811.38254,-127795.7992,-184279.378,-264113.9645,-379571.4079,-463997.5686,-492800.3741,-589063.7019,-601838.7732,-670800.2528,-680892.0287,-602390.378,-519361.034,-438058.5293,-320130.0689,-317422.7152,-251951.1137,-461379.9364,-634961.2,-550146.8447
-89157.215,-99413.12492,-114410.1266,-112658.0844,-107739.3051,-104884.6769,-85749.9552,-75681.43843,-64470.26623,-117588.2172,-170477.6022,-259326.3353,-336114.9566,-458923.852,-479910.6717,-499362.6481,-608622.113,-611329.8777,-693000.5153,-636022.3368,-476788.2686,-488063.5004,-408015.2787,-285891.3831,-323781.8494,-256060.6191,-465488.38,-642656.9175
-86282.728,-100358.9628,-111918.9507,-127493.3753,-98224.1843,-99778.93795,-89730.61077,-76404.5095,-62197.09789,-115801.332,-157709.2161,-234207.3841,-325819.9164,-400142.9892,-472399.6352,-500575.0184,-514038.0066,-632432.2689,-638896.4316,-633662.1993,-498377.9424,-446548.7616,-448311.9906,-367418.0941,-292089.3594,-318992.4168,-259059.8453,-467376.2136
-86264.6764,-95729.92094,-111022.1274,-121765.6011,-111423.1748,-89404.94057,-85007.94704,-76103.22989,-60319.26317,-106308.5041,-152426.7627,-219973.3117,-296874.8159,-387551.5096,-406455.2814,-480715.58,-509133.1302,-525925.5875,-634250.5772,-563552.2337,-501988.9941,-468585.9087,-415867.9713,-404729.7138,-374289.142,-294722.8089,-322786.4051,-258373.0583
-84483.2912,-93259.61495,-105219.6039,-120923.6302,-107146.924,-99535.66332,-76933.15232,-71689.48358,-61029.62828,-106710.5533,-138498.178,-210784.4988,-269895.6024,-354262.9789,-393597.4054,-412203.5068,-496923.1186,-520596.7008,-532809.9929,-570875.6014,-455457.0304,-473517.7348,-424871.9985,-382923.5102,-409883.9613,-379208.8602,-300567.4572,-326198.1796
-76899.767,-101071.1231,-106070.4362,-119820.7668,-107591.2098,-96187.35649,-87792.66003,-67833.10455,-60232.78394,-109067.0082,-139255.546,-195670.1896,-264670.4815,-325955.3529,-367563.3893,-406000.5708,-428637.4986,-493881.2157,-529883.4704,-486500.6873,-457552.5039,-422420.2706,-427676.5315,-388539.4295,-376491.1707,-419371.7197,-387963.8821,-303999.2718
-74821.0204,-86037.86455,-109259.1414,-114081.1339,-101537.8158,-95360.62652,-83995.32414,-74461.256,-52795.57013,-102008.8115,-140125.1847,-189336.7788,-242812.9212,-310115.4572,-326061.7303,-370420.9702,-426376.3854,-428549.0652,-501240.132,-491290.378,-387766.5434,-425947.4627,-391217.6017,-393689.6384,-398316.3419,-383918.585,-426285.166,-393730.8252
-75763.261,-85670.6569,-101019.0981,-126876.7205,-103000.2566,-96083.38434,-87460.93874,-75583.52256,-63383.09876,-99373.15574,-143515.9137,-203356.1593,-261540.5823,-311878.8831,-337837.5078,-360597.6622,-396981.9132,-436364.7657,-449806.5,-470708.5911,-385395.1732,-357526.1789,-391424.2515,-355090.4664,-402692.5256,-401711.3805,-386541.4142,-419819.6602
-68271.4942,-84902.85909,-87467.10131,-105863.0231,-103185.3757,-87782.77322,-79831.34891,-70250.87343,-57181.30253,-101897.1311,-118918.7394,-193609.1475,-240122.7599,-287098.1088,-302701.1339,-330682.9634,-343828.3587,-382507.4845,-409713.1425,-402229.8969,-368724.2375,-360928.5146,-331997.6719,-356158.8608,-354220.0191,-398603.1728,-408191.3749,-391069.2961
-69189.2936,-76891.05587,-96067.40695,-98083.6859,-92374.42134,-92999.55035,-78661.59486,-66688.24202,-56718.02094,-100300.1025,-135206.2805,-170465.3616,-238958.7478,-296379.2977,-292580.3306,-309427.0275,-340662.8002,-352061.7787,-380777.1518,-391782.8179,-319134.9399,-347693.7408,-325178.2284,-309286.4809,-359265.1736,-360487.3653,-403326.5349,-408413.1068
-61091.9554,-80262.68973,-82277.79033,-100562.1638,-85450.96772,-81099.28226,-81062.20951,-64375.92101,-54271.89414,-96771.0041,-127613.9175,-190023.7929,-206676.8126,-280075.3426,-294617.2218,-298757.2125,-312972.8595,-334334.3491,-356962.5754,-342844.6735,-305403.2139,-298156.9811,-315140.9522,-293589.3017,-302765.0179,-361118.038,-363639.6818,-405897.8155
-58651.285,-73864.37466,-85037.24669,-88300.22067,-90115.96856,-75266.74777,-70534.42309,-68066.59625,-52783.21596,-93442.93033,-129495.5625,-182745.7378,-237148.0624,-248426.4886,-287169.8382,-298637.6493,-306119.9471,-306446.5089,-330843.3626,-325351.89,-281626.5161,-280895.5897,-272541.571,-281782.1739,-298333.0866,-301515.7102,-364208.6689,-364921.966
-60456.6116,-66420.07417,-78153.93611,-92936.99025,-76861.44237,-82348.96687,-66990.24292,-60436.69008,-54901.9571,-90371.72131,-122594.8944,-182681.3302,-226051.1472,-284932.4981,-247577.7648,-304369.5065,-306572.1697,-300620.2595,-309516.3302,-315598.9691,-256777.5313,-261074.643,-259994.9757,-246853.8954,-283476.3609,-302469.9977,-307935.8407,-368460.9223
-55829.3652,-66842.91934,-69722.26391,-81457.72439,-81859.65755,-68513.60556,-70115.40672,-55013.65708,-47057.05549,-93219.56967,-113355.0362,-166064.1778,-216868.3851,-266122.622,-274502.9208,-249365.6773,-296623.2714,-297636.0829,-297993.1481,-275997.2509,-244539.3095,-234449.0248,-242665.9135,-230718.4006,-244257.9499,-287767.3476,-302615.8109,-309761.0437
-48898.374,-61924.56236,-72159.78369,-74378.05319,-71233.82231,-71236.06065,-58138.52201,-56708.35489,-43733.78221,-80789.54918,-117065.4643,-161662.9941,-207970.1594,-255170.8192,-258557.8816,-277042.1541,-246183.0529,-294865.0619,-301761.0457,-270791.0653,-224762.5903,-226427.0038,-217100.3805,-221952.0876,-227310.6906,-244640.7782,-289642.9041,-295692.9612
-47878.1646,-57896.40575,-66380.25566,-75480.91654,-66087.51186,-62112.75732,-59770.93997,-48076.69402,-44499.74111,-76568.03279,-102101.9827,-165463.0405,-198528.728,-248673.9869,-254929.6691,-263816.079,-277455.9884,-246301.1415,-285153.0309,-272144.6735,-219066.5644,-206980.6262,-205409.9059,-193160.2283,-215547.9546,-232889.7965,-244636.0213,-289053.7621
-44996.1806,-53957.26916,-60455.08965,-66693.58596,-65587.69034,-56800.08356,-51608.85016,-48716.91319,-38563.55965,-75082.68443,-90935.8444,-140537.312,-190691.0467,-235494.6988,-239493.8527,-254303.6352,-264515.4634,-276249.4845,-238987.1393,-257775.6014,-218359.8851,-196461.4781,-184243.0616,-181627.0477,-191994.609,-212306.3875,-233654.5694,-244802.1845
-43633.0986,-51108.62802,-59795.88619,-67689.7206,-64402.92823,-60434.06143,-50360.53055,-45809.56494,-42350.11452,-71140.36885,-102039.5124,-137617.5022,-186190.1999,-255387.3802,-241658.0496,-259478.3281,-261071.614,-263850.9415,-288225.8794,-231848.7973,-209120.3596,-202423.3691,-183003.1628,-166121.6316,-183353.7367,-193429.8585,-214678.8483,-231260.5583
-36579.4408,-47325.2765,-51808.79307,-57064.28443,-53925.18825,-52569.52766,-47182.98971,-39445.03315,-33164.78484,-66215.26639,-79218.1651,-133967.7401,-157064.0308,-197874.9466,-227367.9845,-222975.7,-235503.6411,-246834.0301,-249888.4354,-248959.7938,-177319.8194,-190686.8716,-182028.9565,-162642.5011,-165793.2541,-180181.2175,-190155.5025,-207920.9951
-34585.4054,-42818.63719,-49087.6625,-54811.12274,-51370.54493,-46828.85206,-43577.70298,-39399.84121,-31521.67946,-57582.37705,-84149.1583,-111725.6602,-164953.4461,-185623.7773,-199933.6056,-233100.3071,-223745.8522,-237810.4487,-247474.0544,-226434.3643,-195078.2675,-162531.763,-168331.0266,-160396.1334,-158936.3038,-163773.1924,-178661.9623,-181656.6748
-32354.0728,-39191.07074,-45086.45078,-50613.12676,-46816.61555,-44200.27473,-39797.8261,-34925.83897,-31484.61694,-52489.7541,-72328.2672,-112412.6742,-131352.2972,-189831.2496,-182047.1545,-197080.7141,-226876.6244,-211663.3782,-226622.5819,-215779.0378,-179531.4927,-180230.1517,-141968.4158,-150342.2681,-158072.2166,-157206.069,-165546.8087,-175105.2184
-29743.6664,-35774.92686,-40127.0945,-45549.44233,-42632.92432,-40979.15712,-36707.58034,-30790.7763,-28544.3231,-51886.68033,-63779.0363,-98157.13264,-135646.2085,-145312.4803,-184529.6157,-175284.3528,-190072.658,-220580.3818,-205990.5987,-204707.2165,-172068.8959,-163936.397,-157909.9722,-124919.9604,-145891.3739,-152973.4879,-152175.6109,-157234.9515
-26821.7376,-32881.7757,-36501.47546,-41849.51367,-36135.24458,-37096.85743,-32953.89198,-29111.14247,-25091.33098,-47062.09016,-63699.0762,-86456.42458,-120229.515,-155552.7254,-144810.2365,-183309.4311,-168957.339,-177594.0294,-205149.2235,-188082.1306,-159399.0991,-153947.8885,-142381.7154,-139000.8507,-124010.4552,-144101.9257,-152033.3641,-149981.5534
-25617.5136,-28619.94149,-31258.50838,-35837.12958,-33043.75593,-31423.8142,-30788.97404,-26279.11412,-22416.65193,-39624.18033,-56133.9527,-85318.55755,-101113.8499,-129008.5252,-144173.708,-143162.5183,-176471.1922,-160861.3253,-174310.9932,-180793.4708,-146466.65,-142929.3149,-137008.8205,-122098.3034,-132679.2014,-120637.5919,-141905.393,-145477.4272
-20806.0174,-27351.40598,-27993.15169,-29895.89797,-30840.83887,-27868.57252,-25254.46609,-22927.37844,-20569.70265,-36485.96311,-47503.8982,-71041.54679,-94000.4427,-112859.2566,-119158.1375,-142115.1452,-127735.5052,-164200.761,-152874.2163,-149486.9416,-143831.4389,-130787.0342,-124255.5754,-118756.1466,-124205.5717,-129313.48,-113484.4853,-132725.4854
-18093.9458,-23679.32951,-28430.06562,-27500.43134,-27268.04061,-25542.82668,-23054.63012,-19650.96267,-18037.09662,-33224.89754,-44568.1552,-66575.95545,-87844.11211,-106053.0514,-105950.1708,-123530.25,-132536.0225,-118265.758,-156934.7662,-130015.8076,-120412.4814,-128289.907,-113834.521,-107579.0975,-110185.0594,-116578.1072,-122872.7731,-112018.2039
-15813.2408,-19439.75031,-22888.15744,-25531.87955,-22862.20648,-21632.26271,-19423.15487,-17285.91771,-13818.14559,-27082.47951,-38169.6987,-57086.57386,-70746.06791,-93956.56859,-95638.40894,-101753.0188,-111977.2852,-124589.3701,-115158.6583,-133556.0137,-104905.6945,-104972.9823,-109878.6533,-94813.15416,-103467.478,-108361.3006,-108363.601,-119417.8398
-14648.8538,-17225.37692,-19860.4206,-24464.59243,-23287.98037,-20399.73855,-19108.89259,-16306.75898,-14133.17708,-25284.42623,-36270.3284,-52728.32847,-71651.41064,-86717.24128,-95542.92966,-105770.3404,-100323.8554,-113896.0709,-119877.6757,-103637.8007,-105764.4297,-91644.5662,-92401.9841,-98210.10045,-91732.61589,-96656.97964,-103271.1661,-104150.6068
-12114.613,-14777.32593,-17062.63846,-18143.88096,-17901.01512,-17199.81915,-15407.58128,-11682.11694,-11446.14385,-18829.30328,-27331.659,-41671.69608,-55743.24546,-65648.94256,-74378.35664,-83122.68954,-84426.48995,-86470.06755,-94526.67502,-96071.47766,-79712.4119,-92705.84524,-77080.37715,-76212.13374,-90924.27622,-84877.39943,-88079.20942,-97657.64563
-10086.7284,-12629.71757,-14425.82461,-17088.45259,-14957.62173,-14192.70246,-13661.67972,-11124.74966,-9716.559239,-17433.29918,-24273.4403,-33921.31881,-47207.15683,-61472.40757,-62284.31491,-71042.02938,-76495.20041,-75918.87196,-78760.03534,-82292.43986,-78049.0794,-71012.05317,-77847.93357,-65062.47938,-70520.66795,-80610.19909,-81991.04701,-82390.41262
-8356.019,-10626.76677,-11674.03341,-13673.13382,-12032.74025,-11331.95433,-11234.87655,-10130.52694,-8042.568423,-15233.19672,-20482.6596,-29434.25828,-39602.27787,-50365.91823,-55282.50127,-60950.89996,-62685.01644,-69808.41525,-73089.8981,-66118.5567,-63311.0054,-65268.66074,-57301.0387,-64459.79536,-59482.65035,-65508.67491,-74025.22704,-76628.64078
-7250.1478,-8312.245837,-10531.92509,-11514.8421,-10144.52563,-9904.608575,-9026.311074,-8322.84927,-7622.526447,-12552.86885,-17071.6933,-25741.55775,-34144.35453,-39970.98671,-45702.74717,-52414.09142,-52666.54544,-55455.94718,-61274.06372,-61190.03436,-51624.577,-52783.02502,-53965.12043,-45858.77494,-57754.47588,-53549.97765,-60341.0863,-69345.99515
-5818.6128,-8245.480811,-7404.54122,-9415.844106,-8108.215741,-7798.920286,-7358.975083,-6055.720193,-5695.275028,-10754.81557,-14103.0431,-21082.74371,-27315.48362,-33814.46476,-34022.44897,-43339.24873,-46370.21471,-47178.4099,-52677.40403,-48972.85223,-46642.928,-43637.29685,-40621.44732,-44762.98581,-43566.72095,-51299.72561,-49359.63448,-53084.34466
-4584.6262,-5040.759524,-6890.975732,-6498.592658,-6738.334543,-6464.442857,-5621.803029,-5317.585145,-4268.367727,-9280.635246,-12120.9809,-15822.79238,-22814.63689,-28709.81088,-28993.87373,-31832.49167,-35482.08477,-40286.38315,-42946.7169,-38178.69416,-38041.2845,-35552.84772,-33831.52517,-31914.85831,-39385.65368,-37190.11855,-47823.3692,-43432.64563
-3550.2852,-4606.78685,-4967.02144,-6403.722692,-4887.143734,-4901.832372,-4373.483412,-4089.870727,-3508.585917,-6209.42623,-9155.5963,-13783.21941,-15390.82647,-20325.80361,-23201.46427,-25182.38956,-27411.64981,-32754.89001,-33142.8667,-32070.10309,-30147.3108,-28342.39309,-28694.80145,-26490.70213,-30326.6746,-34089.43682,-32204.67218,-42438.22816
-2722.342,-3494.036403,-3694.605454,-4245.43097,-3924.524514,-3612.779667,-3256.106413,-2764.240436,-2668.501965,-5126.127049,-6927.5465,-10391.08753,-14588.95148,-17170.1994,-19414.11962,-19747.049,-20315.23285,-20782.65798,-30106.59967,-25302.06186,-24306.2757,-23348.1388,-21491.57969,-22655.44019,-23079.49133,-26042.71617,-29729.57812,-29042.83981
-2018.065,-2336.775938,-3073.727774,-3118.850126,-3239.583915,-2968.758033,-2810.901514,-2342.44898,-2174.334935,-3194.057377,-5274.7918,-7771.846461,-9777.701525,-14076.46978,-12985.18165,-15201.25823,-14505.91113,-16590.60047,-15839.80274,-21692.43986,-20245.7634,-18853.30994,-16472.94157,-18135.31004,-19846.13264,-19594.50232,-23413.82085,-25211.40777
-4645.0236,-6019.979917,-7619.165603,-8822.90682,-9126.370686,-7580.881614,-7018.524278,-11260.32548,-5738.514643,-10386.27049,-15248.2639,-23895.20749,-30781.65295,-37836.31327,-42965.67457,-45773.55436,-48979.19153,-49842.85323,-53921.17607,-51471.82131,-56153.426,-53875.51815,-50835.85197,-51036.37856,-58618.56312,-61209.86567,-65860.26157,-70749.87865